-19,7,FY29Ytvh8N2slaghlH9qgxBbByw=,tKsI1Mb8JQDseS2DaoRohvVrCsw=
-19,8,FY29Ytvh8N2slaghlH9qgxBbByw=,8oPBYHKJvZ4XjGKJPQqzp3Wljpo=
-18,7,FY29Ytvh8N2slaghlH9qgxBbByw=,i6zVDDjSMFTaeddxQ0tujKky2Dw=
-18,8,FY29Ytvh8N2slaghlH9qgxBbByw=,0aGm04ylYZweF4hOT6XbqawfVTk=
-19,9,jKrNfdUxYpPB7v31t6uot7rAoOM=,8oPBYHKJvZ4XjGKJPQqzp3Wljpo=
-19,10,jKrNfdUxYpPB7v31t6uot7rAoOM=,71AP7/sGRLMDvj3oBQfAgcIbAI4=
-19,6,jKrNfdUxYpPB7v31t6uot7rAoOM=,tKsI1Mb8JQDseS2DaoRohvVrCsw=
-19,5,jKrNfdUxYpPB7v31t6uot7rAoOM=,5GZDO1dys+1mMxl0VMj3styWg6A=
-18,10,jKrNfdUxYpPB7v31t6uot7rAoOM=,Tz+RDEbsMz75BZ8qc3joh3y0XoU=
-18,9,jKrNfdUxYpPB7v31t6uot7rAoOM=,0aGm04ylYZweF4hOT6XbqawfVTk=
-18,6,jKrNfdUxYpPB7v31t6uot7rAoOM=,i6zVDDjSMFTaeddxQ0tujKky2Dw=
-18,5,jKrNfdUxYpPB7v31t6uot7rAoOM=,3ykcK3adV+sAZPoH7r1DNPo72tM=
-19,4,kQIH81qhTVhB6c+nP9jd6aGHEOo=,5GZDO1dys+1mMxl0VMj3styWg6A=
-19,3,kQIH81qhTVhB6c+nP9jd6aGHEOo=,Nalh+TyKa3/5UroJQ4gWdJcFKsg=
-18,2,/JTPPRaxRtwxzyMfC/kYcqxZ0YY=,Wib09c+F+NoaPZLgzPhjy/KSr/M=
-18,4,/JTPPRaxRtwxzyMfC/kYcqxZ0YY=,3ykcK3adV+sAZPoH7r1DNPo72tM=
-18,3,/JTPPRaxRtwxzyMfC/kYcqxZ0YY=,Wib09c+F+NoaPZLgzPhjy/KSr/M=
-18,1,/JTPPRaxRtwxzyMfC/kYcqxZ0YY=,fzdP+QcU26ObW1YxZx5kBV1vA+4=
-19,1,/JTPPRaxRtwxzyMfC/kYcqxZ0YY=,6qCJ346eIaMayG5aCML3Tcb3lms=
-19,2,/JTPPRaxRtwxzyMfC/kYcqxZ0YY=,Nalh+TyKa3/5UroJQ4gWdJcFKsg=
-17,2,/JTPPRaxRtwxzyMfC/kYcqxZ0YY=,Wib09c+F+NoaPZLgzPhjy/KSr/M=
-17,1,/JTPPRaxRtwxzyMfC/kYcqxZ0YY=,fzdP+QcU26ObW1YxZx5kBV1vA+4=
-18,0,/JTPPRaxRtwxzyMfC/kYcqxZ0YY=,fzdP+QcU26ObW1YxZx5kBV1vA+4=
-19,0,/JTPPRaxRtwxzyMfC/kYcqxZ0YY=,6qCJ346eIaMayG5aCML3Tcb3lms=
-17,6,/JTPPRaxRtwxzyMfC/kYcqxZ0YY=,i6zVDDjSMFTaeddxQ0tujKky2Dw=
-17,7,/JTPPRaxRtwxzyMfC/kYcqxZ0YY=,i6zVDDjSMFTaeddxQ0tujKky2Dw=
-17,8,/JTPPRaxRtwxzyMfC/kYcqxZ0YY=,0aGm04ylYZweF4hOT6XbqawfVTk=
-17,4,/JTPPRaxRtwxzyMfC/kYcqxZ0YY=,3ykcK3adV+sAZPoH7r1DNPo72tM=
-17,3,/JTPPRaxRtwxzyMfC/kYcqxZ0YY=,Wib09c+F+NoaPZLgzPhjy/KSr/M=
-17,5,/JTPPRaxRtwxzyMfC/kYcqxZ0YY=,3ykcK3adV+sAZPoH7r1DNPo72tM=
-17,10,/JTPPRaxRtwxzyMfC/kYcqxZ0YY=,Tz+RDEbsMz75BZ8qc3joh3y0XoU=
-17,9,/JTPPRaxRtwxzyMfC/kYcqxZ0YY=,0aGm04ylYZweF4hOT6XbqawfVTk=
-18,12,BxFr6iAzxDNB2BjX2fOYc4VTFEY=,RUDiWEsW8RDggI6TbYH9IWz/wP8=
-19,12,BxFr6iAzxDNB2BjX2fOYc4VTFEY=,P5eC7ERr1SjNserrwHLCVCmzAmA=
-18,14,BxFr6iAzxDNB2BjX2fOYc4VTFEY=,bk11/so2TShJAY70mEp5FRh/vJQ=
-19,14,BxFr6iAzxDNB2BjX2fOYc4VTFEY=,R3viujHHpujqUp6y7stWYlz2Zks=
-19,11,BxFr6iAzxDNB2BjX2fOYc4VTFEY=,71AP7/sGRLMDvj3oBQfAgcIbAI4=
-18,11,BxFr6iAzxDNB2BjX2fOYc4VTFEY=,Tz+RDEbsMz75BZ8qc3joh3y0XoU=
-18,13,spRG0tImH0RYzKHt4WHKmkWQZb8=,RUDiWEsW8RDggI6TbYH9IWz/wP8=
-19,13,spRG0tImH0RYzKHt4WHKmkWQZb8=,P5eC7ERr1SjNserrwHLCVCmzAmA=
-20,6,spRG0tImH0RYzKHt4WHKmkWQZb8=,tKsI1Mb8JQDseS2DaoRohvVrCsw=
-20,5,spRG0tImH0RYzKHt4WHKmkWQZb8=,5GZDO1dys+1mMxl0VMj3styWg6A=
-17,14,spRG0tImH0RYzKHt4WHKmkWQZb8=,bk11/so2TShJAY70mEp5FRh/vJQ=
-19,15,spRG0tImH0RYzKHt4WHKmkWQZb8=,R3viujHHpujqUp6y7stWYlz2Zks=
-18,15,spRG0tImH0RYzKHt4WHKmkWQZb8=,bk11/so2TShJAY70mEp5FRh/vJQ=
-17,12,spRG0tImH0RYzKHt4WHKmkWQZb8=,RUDiWEsW8RDggI6TbYH9IWz/wP8=
-17,11,spRG0tImH0RYzKHt4WHKmkWQZb8=,Tz+RDEbsMz75BZ8qc3joh3y0XoU=
-20,4,spRG0tImH0RYzKHt4WHKmkWQZb8=,5GZDO1dys+1mMxl0VMj3styWg6A=
-20,3,spRG0tImH0RYzKHt4WHKmkWQZb8=,Nalh+TyKa3/5UroJQ4gWdJcFKsg=
-17,13,spRG0tImH0RYzKHt4WHKmkWQZb8=,RUDiWEsW8RDggI6TbYH9IWz/wP8=
-20,15,spRG0tImH0RYzKHt4WHKmkWQZb8=,R3viujHHpujqUp6y7stWYlz2Zks=
-20,7,spRG0tImH0RYzKHt4WHKmkWQZb8=,tKsI1Mb8JQDseS2DaoRohvVrCsw=
-17,15,spRG0tImH0RYzKHt4WHKmkWQZb8=,bk11/so2TShJAY70mEp5FRh/vJQ=
-20,1,spRG0tImH0RYzKHt4WHKmkWQZb8=,6qCJ346eIaMayG5aCML3Tcb3lms=
-20,8,spRG0tImH0RYzKHt4WHKmkWQZb8=,8oPBYHKJvZ4XjGKJPQqzp3Wljpo=
-20,9,spRG0tImH0RYzKHt4WHKmkWQZb8=,8oPBYHKJvZ4XjGKJPQqzp3Wljpo=
-20,2,spRG0tImH0RYzKHt4WHKmkWQZb8=,Nalh+TyKa3/5UroJQ4gWdJcFKsg=
-20,0,spRG0tImH0RYzKHt4WHKmkWQZb8=,6qCJ346eIaMayG5aCML3Tcb3lms=
-20,10,spRG0tImH0RYzKHt4WHKmkWQZb8=,71AP7/sGRLMDvj3oBQfAgcIbAI4=
-20,11,spRG0tImH0RYzKHt4WHKmkWQZb8=,71AP7/sGRLMDvj3oBQfAgcIbAI4=
-20,12,spRG0tImH0RYzKHt4WHKmkWQZb8=,P5eC7ERr1SjNserrwHLCVCmzAmA=
-20,14,spRG0tImH0RYzKHt4WHKmkWQZb8=,R3viujHHpujqUp6y7stWYlz2Zks=
-20,13,spRG0tImH0RYzKHt4WHKmkWQZb8=,P5eC7ERr1SjNserrwHLCVCmzAmA=
-17,0,spRG0tImH0RYzKHt4WHKmkWQZb8=,fzdP+QcU26ObW1YxZx5kBV1vA+4=
-18,16,M9Ox+iamiaQHu3PjZWsBfKxoeyo=,mZfieK9XsJkY+pC83CHOXQp5C7c=
-17,18,M9Ox+iamiaQHu3PjZWsBfKxoeyo=,x2s4D/BdMB70UVhAqI58PChR9NE=
-20,16,M9Ox+iamiaQHu3PjZWsBfKxoeyo=,nuQtAexuBiPH91E+XCufki83cVA=
-18,18,M9Ox+iamiaQHu3PjZWsBfKxoeyo=,x2s4D/BdMB70UVhAqI58PChR9NE=
-17,17,M9Ox+iamiaQHu3PjZWsBfKxoeyo=,mZfieK9XsJkY+pC83CHOXQp5C7c=
-19,16,M9Ox+iamiaQHu3PjZWsBfKxoeyo=,nuQtAexuBiPH91E+XCufki83cVA=
-19,18,M9Ox+iamiaQHu3PjZWsBfKxoeyo=,lNUpqhuKzDjhRdfMQxaxpDVG1FY=
-18,17,M9Ox+iamiaQHu3PjZWsBfKxoeyo=,mZfieK9XsJkY+pC83CHOXQp5C7c=
-20,17,M9Ox+iamiaQHu3PjZWsBfKxoeyo=,nuQtAexuBiPH91E+XCufki83cVA=
-20,19,M9Ox+iamiaQHu3PjZWsBfKxoeyo=,lNUpqhuKzDjhRdfMQxaxpDVG1FY=
-20,18,M9Ox+iamiaQHu3PjZWsBfKxoeyo=,lNUpqhuKzDjhRdfMQxaxpDVG1FY=
-19,17,M9Ox+iamiaQHu3PjZWsBfKxoeyo=,nuQtAexuBiPH91E+XCufki83cVA=
-19,19,M9Ox+iamiaQHu3PjZWsBfKxoeyo=,lNUpqhuKzDjhRdfMQxaxpDVG1FY=
-18,19,M9Ox+iamiaQHu3PjZWsBfKxoeyo=,x2s4D/BdMB70UVhAqI58PChR9NE=
-17,19,M9Ox+iamiaQHu3PjZWsBfKxoeyo=,x2s4D/BdMB70UVhAqI58PChR9NE=
-17,16,M9Ox+iamiaQHu3PjZWsBfKxoeyo=,mZfieK9XsJkY+pC83CHOXQp5C7c=
-3,18,z3TlO3SFuFsZ/oiWp77tCItrIRI=,KX+djCW4m0AE/cEGBV6ozxEfHtA=
-2,18,z3TlO3SFuFsZ/oiWp77tCItrIRI=,rIOQ/EVZqyj267FnBw8a0YBP7E4=
-3,17,z3TlO3SFuFsZ/oiWp77tCItrIRI=,eLOJkYQORs4Lg7Tj0d8xLJKJm3Q=
-2,17,z3TlO3SFuFsZ/oiWp77tCItrIRI=,f1XZQe5yQDXlTHh4xVhi1QLxJZ0=
-5,17,z3TlO3SFuFsZ/oiWp77tCItrIRI=,FsThgWL3u9stRpGC6d8Bde/VIfo=
-4,18,z3TlO3SFuFsZ/oiWp77tCItrIRI=,KX+djCW4m0AE/cEGBV6ozxEfHtA=
-4,17,z3TlO3SFuFsZ/oiWp77tCItrIRI=,eLOJkYQORs4Lg7Tj0d8xLJKJm3Q=
-5,18,z3TlO3SFuFsZ/oiWp77tCItrIRI=,9zTxbV2X5sH9DE7AQ50+AV9A/XQ=
-7,18,Dy8/yjJEylaDiSOylP1sRFPxVZw=,o0SlOjrVAUCpUkPNY7V4I9ypkM8=
-7,17,Dy8/yjJEylaDiSOylP1sRFPxVZw=,nM/1dzUiQDJlUO20KPrWG1uWRyo=
-6,18,Dy8/yjJEylaDiSOylP1sRFPxVZw=,9zTxbV2X5sH9DE7AQ50+AV9A/XQ=
-6,17,Dy8/yjJEylaDiSOylP1sRFPxVZw=,FsThgWL3u9stRpGC6d8Bde/VIfo=
-9,17,Dy8/yjJEylaDiSOylP1sRFPxVZw=,7MrbdPGp1MtdrFEVxQj1CjU6cYI=
-8,17,Dy8/yjJEylaDiSOylP1sRFPxVZw=,nM/1dzUiQDJlUO20KPrWG1uWRyo=
-8,18,Dy8/yjJEylaDiSOylP1sRFPxVZw=,o0SlOjrVAUCpUkPNY7V4I9ypkM8=
-9,18,Dy8/yjJEylaDiSOylP1sRFPxVZw=,6+hoMT8WdL0DOBFkthOimJ8ZgR4=
-11,17,dIrphXKY09uAwyBu/fUWnlpkqhk=,SvZRKWCGPniHKZVuDb/M2xaYzro=
-11,18,dIrphXKY09uAwyBu/fUWnlpkqhk=,uHk/JIpTLo8xiATvyTdXjmQA8Ng=
-10,18,dIrphXKY09uAwyBu/fUWnlpkqhk=,6+hoMT8WdL0DOBFkthOimJ8ZgR4=
-10,17,dIrphXKY09uAwyBu/fUWnlpkqhk=,7MrbdPGp1MtdrFEVxQj1CjU6cYI=
-12,17,dIrphXKY09uAwyBu/fUWnlpkqhk=,SvZRKWCGPniHKZVuDb/M2xaYzro=
-13,18,dIrphXKY09uAwyBu/fUWnlpkqhk=,W1kBOKYwvzZFu2dhngbFzERRs3o=
-12,18,dIrphXKY09uAwyBu/fUWnlpkqhk=,uHk/JIpTLo8xiATvyTdXjmQA8Ng=
-13,17,dIrphXKY09uAwyBu/fUWnlpkqhk=,sJxchyez8H+kAZE861/WN+fX9a8=
-14,18,rjI+4inLX/nU7FjKHtZzy++EpTg=,W1kBOKYwvzZFu2dhngbFzERRs3o=
-15,18,rjI+4inLX/nU7FjKHtZzy++EpTg=,e++BSXt3YjU/OR7aIN4yBCMYrv8=
-15,17,rjI+4inLX/nU7FjKHtZzy++EpTg=,IWZSpH2DZDJBN5ddOnHiXA7+CUs=
-14,17,rjI+4inLX/nU7FjKHtZzy++EpTg=,sJxchyez8H+kAZE861/WN+fX9a8=
-15,16,rjI+4inLX/nU7FjKHtZzy++EpTg=,IWZSpH2DZDJBN5ddOnHiXA7+CUs=
-14,16,rjI+4inLX/nU7FjKHtZzy++EpTg=,sJxchyez8H+kAZE861/WN+fX9a8=
-16,17,rjI+4inLX/nU7FjKHtZzy++EpTg=,IWZSpH2DZDJBN5ddOnHiXA7+CUs=
-16,18,rjI+4inLX/nU7FjKHtZzy++EpTg=,e++BSXt3YjU/OR7aIN4yBCMYrv8=
-11,16,rjI+4inLX/nU7FjKHtZzy++EpTg=,SvZRKWCGPniHKZVuDb/M2xaYzro=
-13,16,rjI+4inLX/nU7FjKHtZzy++EpTg=,sJxchyez8H+kAZE861/WN+fX9a8=
-12,16,rjI+4inLX/nU7FjKHtZzy++EpTg=,SvZRKWCGPniHKZVuDb/M2xaYzro=
-10,16,rjI+4inLX/nU7FjKHtZzy++EpTg=,7MrbdPGp1MtdrFEVxQj1CjU6cYI=
-9,16,rjI+4inLX/nU7FjKHtZzy++EpTg=,7MrbdPGp1MtdrFEVxQj1CjU6cYI=
-8,16,rjI+4inLX/nU7FjKHtZzy++EpTg=,nM/1dzUiQDJlUO20KPrWG1uWRyo=
-7,16,rjI+4inLX/nU7FjKHtZzy++EpTg=,nM/1dzUiQDJlUO20KPrWG1uWRyo=
-2,16,rjI+4inLX/nU7FjKHtZzy++EpTg=,f1XZQe5yQDXlTHh4xVhi1QLxJZ0=
-3,16,rjI+4inLX/nU7FjKHtZzy++EpTg=,eLOJkYQORs4Lg7Tj0d8xLJKJm3Q=
-1,16,rjI+4inLX/nU7FjKHtZzy++EpTg=,f1XZQe5yQDXlTHh4xVhi1QLxJZ0=
-14,19,rjI+4inLX/nU7FjKHtZzy++EpTg=,W1kBOKYwvzZFu2dhngbFzERRs3o=
-15,19,rjI+4inLX/nU7FjKHtZzy++EpTg=,e++BSXt3YjU/OR7aIN4yBCMYrv8=
-16,19,rjI+4inLX/nU7FjKHtZzy++EpTg=,e++BSXt3YjU/OR7aIN4yBCMYrv8=
-9,19,rjI+4inLX/nU7FjKHtZzy++EpTg=,6+hoMT8WdL0DOBFkthOimJ8ZgR4=
-8,19,rjI+4inLX/nU7FjKHtZzy++EpTg=,o0SlOjrVAUCpUkPNY7V4I9ypkM8=
-6,19,rjI+4inLX/nU7FjKHtZzy++EpTg=,9zTxbV2X5sH9DE7AQ50+AV9A/XQ=
-7,19,rjI+4inLX/nU7FjKHtZzy++EpTg=,o0SlOjrVAUCpUkPNY7V4I9ypkM8=
-4,16,rjI+4inLX/nU7FjKHtZzy++EpTg=,eLOJkYQORs4Lg7Tj0d8xLJKJm3Q=
-6,16,rjI+4inLX/nU7FjKHtZzy++EpTg=,FsThgWL3u9stRpGC6d8Bde/VIfo=
-5,16,rjI+4inLX/nU7FjKHtZzy++EpTg=,FsThgWL3u9stRpGC6d8Bde/VIfo=
-5,19,rjI+4inLX/nU7FjKHtZzy++EpTg=,9zTxbV2X5sH9DE7AQ50+AV9A/XQ=
-10,19,rjI+4inLX/nU7FjKHtZzy++EpTg=,6+hoMT8WdL0DOBFkthOimJ8ZgR4=
-4,19,rjI+4inLX/nU7FjKHtZzy++EpTg=,KX+djCW4m0AE/cEGBV6ozxEfHtA=
-1,19,rjI+4inLX/nU7FjKHtZzy++EpTg=,rIOQ/EVZqyj267FnBw8a0YBP7E4=
-13,19,rjI+4inLX/nU7FjKHtZzy++EpTg=,W1kBOKYwvzZFu2dhngbFzERRs3o=
-1,18,rjI+4inLX/nU7FjKHtZzy++EpTg=,rIOQ/EVZqyj267FnBw8a0YBP7E4=
-1,17,rjI+4inLX/nU7FjKHtZzy++EpTg=,f1XZQe5yQDXlTHh4xVhi1QLxJZ0=
-12,19,rjI+4inLX/nU7FjKHtZzy++EpTg=,uHk/JIpTLo8xiATvyTdXjmQA8Ng=
-11,19,rjI+4inLX/nU7FjKHtZzy++EpTg=,uHk/JIpTLo8xiATvyTdXjmQA8Ng=
-2,19,rjI+4inLX/nU7FjKHtZzy++EpTg=,rIOQ/EVZqyj267FnBw8a0YBP7E4=
-3,19,rjI+4inLX/nU7FjKHtZzy++EpTg=,KX+djCW4m0AE/cEGBV6ozxEfHtA=
-16,16,rjI+4inLX/nU7FjKHtZzy++EpTg=,IWZSpH2DZDJBN5ddOnHiXA7+CUs=
-3,7,psxXgZ0e8wpf1lz+rszlr8BOMwY=,ygdmDCPEwTmBc7HO3KlL2zao/v0=
-2,7,psxXgZ0e8wpf1lz+rszlr8BOMwY=,qT+6JJEC4LcpDwag4gepMvOXx3w=
-3,8,psxXgZ0e8wpf1lz+rszlr8BOMwY=,lqvJERscz16MvsRFZtirieS8i9s=
-2,8,psxXgZ0e8wpf1lz+rszlr8BOMwY=,/cbnvGW0NLcsKhhSwuPk6eC2u3o=
-4,8,psxXgZ0e8wpf1lz+rszlr8BOMwY=,lqvJERscz16MvsRFZtirieS8i9s=
-5,8,psxXgZ0e8wpf1lz+rszlr8BOMwY=,bwqLa27X22VT9UwvOXoY79jq238=
-4,7,psxXgZ0e8wpf1lz+rszlr8BOMwY=,ygdmDCPEwTmBc7HO3KlL2zao/v0=
-5,7,psxXgZ0e8wpf1lz+rszlr8BOMwY=,ygdmDCPEwTmBc7HO3KlL2zao/v0=
-6,7,/21w3+HMQtuQkmSKQqrr2mYcMUc=,ygdmDCPEwTmBc7HO3KlL2zao/v0=
-7,8,/21w3+HMQtuQkmSKQqrr2mYcMUc=,xgkLXl8jghA29Fl8zf5kfZScuW8=
-7,7,/21w3+HMQtuQkmSKQqrr2mYcMUc=,9naBVD774ho20uyLk3MsE23lIvc=
-6,8,/21w3+HMQtuQkmSKQqrr2mYcMUc=,bwqLa27X22VT9UwvOXoY79jq238=
-7,9,dFMKVHUcLLXTKQCzQosz3JAQnrU=,xgkLXl8jghA29Fl8zf5kfZScuW8=
-6,9,dFMKVHUcLLXTKQCzQosz3JAQnrU=,bwqLa27X22VT9UwvOXoY79jq238=
-6,10,dFMKVHUcLLXTKQCzQosz3JAQnrU=,WMtJNkFrIgJ5S1lfVGjjSocs3zY=
-7,10,dFMKVHUcLLXTKQCzQosz3JAQnrU=,N6rJzGxdfrGRSgCTyTqUjFkyu+o=
-6,11,dFMKVHUcLLXTKQCzQosz3JAQnrU=,WMtJNkFrIgJ5S1lfVGjjSocs3zY=
-7,11,dFMKVHUcLLXTKQCzQosz3JAQnrU=,N6rJzGxdfrGRSgCTyTqUjFkyu+o=
-7,12,dFMKVHUcLLXTKQCzQosz3JAQnrU=,6qBT3bjy3bbWIa1CC6tnUj9B61w=
-6,12,dFMKVHUcLLXTKQCzQosz3JAQnrU=,Fv2lP5LxcvLSW+WNFYGZGWn/tco=
-6,14,RIAMk2Dub2siaeDbjAfTxki/D3U=,Iw4PFtiWEH/cgbAniuh+mwwUN4M=
-7,14,RIAMk2Dub2siaeDbjAfTxki/D3U=,mHSuIvC9W/HVe+fuCLECtVXULCc=
-7,13,RIAMk2Dub2siaeDbjAfTxki/D3U=,6qBT3bjy3bbWIa1CC6tnUj9B61w=
-6,13,RIAMk2Dub2siaeDbjAfTxki/D3U=,Fv2lP5LxcvLSW+WNFYGZGWn/tco=
-5,9,RIAMk2Dub2siaeDbjAfTxki/D3U=,bwqLa27X22VT9UwvOXoY79jq238=
-5,10,RIAMk2Dub2siaeDbjAfTxki/D3U=,WMtJNkFrIgJ5S1lfVGjjSocs3zY=
-4,9,RIAMk2Dub2siaeDbjAfTxki/D3U=,lqvJERscz16MvsRFZtirieS8i9s=
-5,12,RIAMk2Dub2siaeDbjAfTxki/D3U=,Fv2lP5LxcvLSW+WNFYGZGWn/tco=
-4,10,RIAMk2Dub2siaeDbjAfTxki/D3U=,+PWB/cmIfcv8RbBekUU3aF1S3yM=
-4,11,RIAMk2Dub2siaeDbjAfTxki/D3U=,+PWB/cmIfcv8RbBekUU3aF1S3yM=
-4,12,RIAMk2Dub2siaeDbjAfTxki/D3U=,kzMCv0dI23ny7Zq44rUYvFGddb0=
-5,11,RIAMk2Dub2siaeDbjAfTxki/D3U=,WMtJNkFrIgJ5S1lfVGjjSocs3zY=
-4,14,vWlvVuPEIrUjlLPvaEao4FpKSlY=,5MrJ5BcghPGutI4r5MHMY/cPAAA=
-3,10,vWlvVuPEIrUjlLPvaEao4FpKSlY=,+PWB/cmIfcv8RbBekUU3aF1S3yM=
-2,9,vWlvVuPEIrUjlLPvaEao4FpKSlY=,/cbnvGW0NLcsKhhSwuPk6eC2u3o=
-5,13,vWlvVuPEIrUjlLPvaEao4FpKSlY=,Fv2lP5LxcvLSW+WNFYGZGWn/tco=
-2,10,vWlvVuPEIrUjlLPvaEao4FpKSlY=,JQdjfaYRe5NeYuBpZcAHwn9RrtQ=
-3,9,vWlvVuPEIrUjlLPvaEao4FpKSlY=,lqvJERscz16MvsRFZtirieS8i9s=
-4,13,vWlvVuPEIrUjlLPvaEao4FpKSlY=,kzMCv0dI23ny7Zq44rUYvFGddb0=
-5,14,vWlvVuPEIrUjlLPvaEao4FpKSlY=,Iw4PFtiWEH/cgbAniuh+mwwUN4M=
-2,12,vWlvVuPEIrUjlLPvaEao4FpKSlY=,05aiZXgxD1f5OzxOAM/20Tpq35w=
-3,12,vWlvVuPEIrUjlLPvaEao4FpKSlY=,kzMCv0dI23ny7Zq44rUYvFGddb0=
-3,11,vWlvVuPEIrUjlLPvaEao4FpKSlY=,+PWB/cmIfcv8RbBekUU3aF1S3yM=
-2,11,vWlvVuPEIrUjlLPvaEao4FpKSlY=,JQdjfaYRe5NeYuBpZcAHwn9RrtQ=
-2,13,WGrVoHpvuc6naRhlHXTicyfnLCA=,05aiZXgxD1f5OzxOAM/20Tpq35w=
-3,13,WGrVoHpvuc6naRhlHXTicyfnLCA=,kzMCv0dI23ny7Zq44rUYvFGddb0=
-3,14,WGrVoHpvuc6naRhlHXTicyfnLCA=,5MrJ5BcghPGutI4r5MHMY/cPAAA=
-2,14,WGrVoHpvuc6naRhlHXTicyfnLCA=,7LPznyr2RIUz9kUx5Q10i7ti3UQ=
-1,14,WGrVoHpvuc6naRhlHXTicyfnLCA=,7LPznyr2RIUz9kUx5Q10i7ti3UQ=
-1,13,WGrVoHpvuc6naRhlHXTicyfnLCA=,05aiZXgxD1f5OzxOAM/20Tpq35w=
-3,15,WGrVoHpvuc6naRhlHXTicyfnLCA=,5MrJ5BcghPGutI4r5MHMY/cPAAA=
-2,15,WGrVoHpvuc6naRhlHXTicyfnLCA=,7LPznyr2RIUz9kUx5Q10i7ti3UQ=
-4,15,WGrVoHpvuc6naRhlHXTicyfnLCA=,5MrJ5BcghPGutI4r5MHMY/cPAAA=
-5,15,WGrVoHpvuc6naRhlHXTicyfnLCA=,Iw4PFtiWEH/cgbAniuh+mwwUN4M=
-6,15,WGrVoHpvuc6naRhlHXTicyfnLCA=,Iw4PFtiWEH/cgbAniuh+mwwUN4M=
-7,15,WGrVoHpvuc6naRhlHXTicyfnLCA=,mHSuIvC9W/HVe+fuCLECtVXULCc=
-8,14,qNWmPLgb1kwEOVoIMOwNJYftsMU=,mHSuIvC9W/HVe+fuCLECtVXULCc=
-8,13,qNWmPLgb1kwEOVoIMOwNJYftsMU=,6qBT3bjy3bbWIa1CC6tnUj9B61w=
-9,14,qNWmPLgb1kwEOVoIMOwNJYftsMU=,2Vv3VOZoZiSgtITNgBFngsOzuKE=
-9,13,qNWmPLgb1kwEOVoIMOwNJYftsMU=,eo+i9QQl9e/Apz6EKR2bUDM4Utc=
-9,12,qNWmPLgb1kwEOVoIMOwNJYftsMU=,eo+i9QQl9e/Apz6EKR2bUDM4Utc=
-8,11,qNWmPLgb1kwEOVoIMOwNJYftsMU=,N6rJzGxdfrGRSgCTyTqUjFkyu+o=
-9,11,qNWmPLgb1kwEOVoIMOwNJYftsMU=,yY/1HG2WhMVmP05Pab0gwzaWvx8=
-8,12,qNWmPLgb1kwEOVoIMOwNJYftsMU=,6qBT3bjy3bbWIa1CC6tnUj9B61w=
-9,10,qNWmPLgb1kwEOVoIMOwNJYftsMU=,yY/1HG2WhMVmP05Pab0gwzaWvx8=
-8,10,qNWmPLgb1kwEOVoIMOwNJYftsMU=,N6rJzGxdfrGRSgCTyTqUjFkyu+o=
-9,9,qNWmPLgb1kwEOVoIMOwNJYftsMU=,jeta0aEqVYFyMptE+4N16q/GE0A=
-8,9,qNWmPLgb1kwEOVoIMOwNJYftsMU=,xgkLXl8jghA29Fl8zf5kfZScuW8=
-8,7,yIgjI0OetfGAEX0axuUdETQHjx8=,9naBVD774ho20uyLk3MsE23lIvc=
-9,7,yIgjI0OetfGAEX0axuUdETQHjx8=,/FPxTeKyOcBmQLw/DYQ6nbBYynA=
-9,8,yIgjI0OetfGAEX0axuUdETQHjx8=,jeta0aEqVYFyMptE+4N16q/GE0A=
-8,8,yIgjI0OetfGAEX0axuUdETQHjx8=,xgkLXl8jghA29Fl8zf5kfZScuW8=
-9,5,FnDEL15ufw9t6AHd9t0JVDs3/zg=,4LtfnbiLUOVKi/BZ7d1PlUT87vg=
-9,4,FnDEL15ufw9t6AHd9t0JVDs3/zg=,4LtfnbiLUOVKi/BZ7d1PlUT87vg=
-9,3,FnDEL15ufw9t6AHd9t0JVDs3/zg=,DUqgTXZnTzrAm+JtC531EwuWObw=
-8,6,FnDEL15ufw9t6AHd9t0JVDs3/zg=,9naBVD774ho20uyLk3MsE23lIvc=
-8,3,FnDEL15ufw9t6AHd9t0JVDs3/zg=,5RzvPTDzjt7h5yxqqIsEcCvM7A4=
-9,6,FnDEL15ufw9t6AHd9t0JVDs3/zg=,/FPxTeKyOcBmQLw/DYQ6nbBYynA=
-8,4,FnDEL15ufw9t6AHd9t0JVDs3/zg=,1em/E5lNdx3ChKikuOeBhDPr6aw=
-8,5,FnDEL15ufw9t6AHd9t0JVDs3/zg=,1em/E5lNdx3ChKikuOeBhDPr6aw=
-9,1,FnDEL15ufw9t6AHd9t0JVDs3/zg=,4qpoqpWlTNPDuEhVzBjiHyGuBP4=
-9,2,FnDEL15ufw9t6AHd9t0JVDs3/zg=,DUqgTXZnTzrAm+JtC531EwuWObw=
-8,2,FnDEL15ufw9t6AHd9t0JVDs3/zg=,5RzvPTDzjt7h5yxqqIsEcCvM7A4=
-8,1,FnDEL15ufw9t6AHd9t0JVDs3/zg=,2mnOuTfdJKGWlrolMFoLMpE0za8=
-7,6,xg+UtTh39U7uB2avpIqSLV3kziU=,9naBVD774ho20uyLk3MsE23lIvc=
-6,6,xg+UtTh39U7uB2avpIqSLV3kziU=,ygdmDCPEwTmBc7HO3KlL2zao/v0=
-7,4,xg+UtTh39U7uB2avpIqSLV3kziU=,1em/E5lNdx3ChKikuOeBhDPr6aw=
-6,5,xg+UtTh39U7uB2avpIqSLV3kziU=,ZvIH40McLnbv6bf+9vhi5Ws7IAw=
-7,5,xg+UtTh39U7uB2avpIqSLV3kziU=,1em/E5lNdx3ChKikuOeBhDPr6aw=
-6,4,xg+UtTh39U7uB2avpIqSLV3kziU=,ZvIH40McLnbv6bf+9vhi5Ws7IAw=
-7,3,xg+UtTh39U7uB2avpIqSLV3kziU=,5RzvPTDzjt7h5yxqqIsEcCvM7A4=
-6,3,xg+UtTh39U7uB2avpIqSLV3kziU=,sQgJZUc12DinRVZ9vSg7tRo4jOI=
-7,2,xg+UtTh39U7uB2avpIqSLV3kziU=,5RzvPTDzjt7h5yxqqIsEcCvM7A4=
-6,2,xg+UtTh39U7uB2avpIqSLV3kziU=,sQgJZUc12DinRVZ9vSg7tRo4jOI=
-4,6,xg+UtTh39U7uB2avpIqSLV3kziU=,ygdmDCPEwTmBc7HO3KlL2zao/v0=
-5,5,xg+UtTh39U7uB2avpIqSLV3kziU=,ZvIH40McLnbv6bf+9vhi5Ws7IAw=
-6,1,xg+UtTh39U7uB2avpIqSLV3kziU=,kEgI7zQmqstfKrLyL4y/tLcXPCw=
-5,6,xg+UtTh39U7uB2avpIqSLV3kziU=,ygdmDCPEwTmBc7HO3KlL2zao/v0=
-4,5,xg+UtTh39U7uB2avpIqSLV3kziU=,G7oWERHa6d+4JMfVXvw7Tf3L3+Y=
-5,4,626LqeNUf3pYy1LoMYlcF91nixY=,ZvIH40McLnbv6bf+9vhi5Ws7IAw=
-4,4,626LqeNUf3pYy1LoMYlcF91nixY=,G7oWERHa6d+4JMfVXvw7Tf3L3+Y=
-5,3,626LqeNUf3pYy1LoMYlcF91nixY=,sQgJZUc12DinRVZ9vSg7tRo4jOI=
-7,1,626LqeNUf3pYy1LoMYlcF91nixY=,2mnOuTfdJKGWlrolMFoLMpE0za8=
-4,3,626LqeNUf3pYy1LoMYlcF91nixY=,kHS/nAyDs1ZzxkikbvrHadr3g+o=
-4,1,626LqeNUf3pYy1LoMYlcF91nixY=,xm9mmL1RnjDK/mP89UuTp6kgaXk=
-5,1,626LqeNUf3pYy1LoMYlcF91nixY=,kEgI7zQmqstfKrLyL4y/tLcXPCw=
-5,2,626LqeNUf3pYy1LoMYlcF91nixY=,sQgJZUc12DinRVZ9vSg7tRo4jOI=
-4,2,626LqeNUf3pYy1LoMYlcF91nixY=,kHS/nAyDs1ZzxkikbvrHadr3g+o=
-3,6,626LqeNUf3pYy1LoMYlcF91nixY=,ygdmDCPEwTmBc7HO3KlL2zao/v0=
-3,5,626LqeNUf3pYy1LoMYlcF91nixY=,G7oWERHa6d+4JMfVXvw7Tf3L3+Y=
-3,4,oX6C00dKyhtDc35bozcsi8U60rE=,G7oWERHa6d+4JMfVXvw7Tf3L3+Y=
-2,6,oX6C00dKyhtDc35bozcsi8U60rE=,qT+6JJEC4LcpDwag4gepMvOXx3w=
-2,4,oX6C00dKyhtDc35bozcsi8U60rE=,QKsshA32cu49tCgRlKQMeI/3XL4=
-2,5,oX6C00dKyhtDc35bozcsi8U60rE=,QKsshA32cu49tCgRlKQMeI/3XL4=
-2,3,oX6C00dKyhtDc35bozcsi8U60rE=,oqeZKVOBavA9O2ARFCka90u/8nQ=
-3,3,oX6C00dKyhtDc35bozcsi8U60rE=,kHS/nAyDs1ZzxkikbvrHadr3g+o=
-3,1,oX6C00dKyhtDc35bozcsi8U60rE=,xm9mmL1RnjDK/mP89UuTp6kgaXk=
-2,1,oX6C00dKyhtDc35bozcsi8U60rE=,2SftFj4mdH5/VtraWqxuOOUyXf8=
-3,2,oX6C00dKyhtDc35bozcsi8U60rE=,kHS/nAyDs1ZzxkikbvrHadr3g+o=
-2,2,oX6C00dKyhtDc35bozcsi8U60rE=,oqeZKVOBavA9O2ARFCka90u/8nQ=
-1,1,oX6C00dKyhtDc35bozcsi8U60rE=,2SftFj4mdH5/VtraWqxuOOUyXf8=
-1,3,oX6C00dKyhtDc35bozcsi8U60rE=,oqeZKVOBavA9O2ARFCka90u/8nQ=
-1,5,oX6C00dKyhtDc35bozcsi8U60rE=,QKsshA32cu49tCgRlKQMeI/3XL4=
-1,6,oX6C00dKyhtDc35bozcsi8U60rE=,qT+6JJEC4LcpDwag4gepMvOXx3w=
-2,0,oX6C00dKyhtDc35bozcsi8U60rE=,2SftFj4mdH5/VtraWqxuOOUyXf8=
-3,0,oX6C00dKyhtDc35bozcsi8U60rE=,xm9mmL1RnjDK/mP89UuTp6kgaXk=
-1,4,oX6C00dKyhtDc35bozcsi8U60rE=,QKsshA32cu49tCgRlKQMeI/3XL4=
-1,2,oX6C00dKyhtDc35bozcsi8U60rE=,oqeZKVOBavA9O2ARFCka90u/8nQ=
-4,0,oX6C00dKyhtDc35bozcsi8U60rE=,xm9mmL1RnjDK/mP89UuTp6kgaXk=
-5,0,oX6C00dKyhtDc35bozcsi8U60rE=,kEgI7zQmqstfKrLyL4y/tLcXPCw=
-7,0,oX6C00dKyhtDc35bozcsi8U60rE=,2mnOuTfdJKGWlrolMFoLMpE0za8=
-6,0,oX6C00dKyhtDc35bozcsi8U60rE=,kEgI7zQmqstfKrLyL4y/tLcXPCw=
-9,0,oX6C00dKyhtDc35bozcsi8U60rE=,4qpoqpWlTNPDuEhVzBjiHyGuBP4=
-8,0,oX6C00dKyhtDc35bozcsi8U60rE=,2mnOuTfdJKGWlrolMFoLMpE0za8=
-11,2,qPXKTfFU26iw3hzIsbH2481Hz3Y=,3bw5CfSoP25kujVcKy7rn20ceAU=
-10,2,qPXKTfFU26iw3hzIsbH2481Hz3Y=,DUqgTXZnTzrAm+JtC531EwuWObw=
-11,1,qPXKTfFU26iw3hzIsbH2481Hz3Y=,UMtFXtIXLKRjD0IlalPrLF5+nzQ=
-10,1,qPXKTfFU26iw3hzIsbH2481Hz3Y=,4qpoqpWlTNPDuEhVzBjiHyGuBP4=
-12,1,qPXKTfFU26iw3hzIsbH2481Hz3Y=,UMtFXtIXLKRjD0IlalPrLF5+nzQ=
-12,2,qPXKTfFU26iw3hzIsbH2481Hz3Y=,3bw5CfSoP25kujVcKy7rn20ceAU=
-13,2,qPXKTfFU26iw3hzIsbH2481Hz3Y=,1ZA5JAzYrGNvbVjXQeKmkjgG7kE=
-13,1,qPXKTfFU26iw3hzIsbH2481Hz3Y=,db+37frdxh075trjAMAsqMxjp2o=
-12,3,Xwlxowoadjvv1bdJJnRJs775UiA=,3bw5CfSoP25kujVcKy7rn20ceAU=
-11,3,Xwlxowoadjvv1bdJJnRJs775UiA=,3bw5CfSoP25kujVcKy7rn20ceAU=
-13,3,Xwlxowoadjvv1bdJJnRJs775UiA=,1ZA5JAzYrGNvbVjXQeKmkjgG7kE=
-12,4,Xwlxowoadjvv1bdJJnRJs775UiA=,WxFDNRip6ak3oM2KeoiVy9r/MZ4=
-13,4,Xwlxowoadjvv1bdJJnRJs775UiA=,aEg/aF70j+IKo8FTLIvw4EwNdP4=
-11,4,Xwlxowoadjvv1bdJJnRJs775UiA=,WxFDNRip6ak3oM2KeoiVy9r/MZ4=
-10,3,Xwlxowoadjvv1bdJJnRJs775UiA=,DUqgTXZnTzrAm+JtC531EwuWObw=
-10,4,Xwlxowoadjvv1bdJJnRJs775UiA=,4LtfnbiLUOVKi/BZ7d1PlUT87vg=
-12,5,Xwlxowoadjvv1bdJJnRJs775UiA=,WxFDNRip6ak3oM2KeoiVy9r/MZ4=
-13,6,Xwlxowoadjvv1bdJJnRJs775UiA=,qCC2doqoakZnKYTMOrGrXxDyqB4=
-13,5,Xwlxowoadjvv1bdJJnRJs775UiA=,aEg/aF70j+IKo8FTLIvw4EwNdP4=
-12,6,Xwlxowoadjvv1bdJJnRJs775UiA=,HNKj9wO1Y+TXyk/vdTiuGkQImCw=
-11,6,Xwlxowoadjvv1bdJJnRJs775UiA=,HNKj9wO1Y+TXyk/vdTiuGkQImCw=
-11,5,Xwlxowoadjvv1bdJJnRJs775UiA=,WxFDNRip6ak3oM2KeoiVy9r/MZ4=
-10,6,Xwlxowoadjvv1bdJJnRJs775UiA=,/FPxTeKyOcBmQLw/DYQ6nbBYynA=
-10,5,Xwlxowoadjvv1bdJJnRJs775UiA=,4LtfnbiLUOVKi/BZ7d1PlUT87vg=
-11,7,H0ONzy1ukuJnl2kUFEdBBLMYLmY=,HNKj9wO1Y+TXyk/vdTiuGkQImCw=
-11,8,H0ONzy1ukuJnl2kUFEdBBLMYLmY=,n0PMZc3h5kW/N31kNcEWYxqJCo4=
-10,7,H0ONzy1ukuJnl2kUFEdBBLMYLmY=,/FPxTeKyOcBmQLw/DYQ6nbBYynA=
-13,7,H0ONzy1ukuJnl2kUFEdBBLMYLmY=,qCC2doqoakZnKYTMOrGrXxDyqB4=
-13,8,H0ONzy1ukuJnl2kUFEdBBLMYLmY=,Mq0H5yBagtBRsZX4wxx/5kZkb78=
-10,8,H0ONzy1ukuJnl2kUFEdBBLMYLmY=,jeta0aEqVYFyMptE+4N16q/GE0A=
-12,8,H0ONzy1ukuJnl2kUFEdBBLMYLmY=,n0PMZc3h5kW/N31kNcEWYxqJCo4=
-12,7,H0ONzy1ukuJnl2kUFEdBBLMYLmY=,HNKj9wO1Y+TXyk/vdTiuGkQImCw=
-15,7,H0ONzy1ukuJnl2kUFEdBBLMYLmY=,jf3YVaiOT/q6ZFdxmTN7TVp8m24=
-15,8,H0ONzy1ukuJnl2kUFEdBBLMYLmY=,U2LLM1KbzzGa9drNPGXiViID25E=
-14,8,H0ONzy1ukuJnl2kUFEdBBLMYLmY=,Mq0H5yBagtBRsZX4wxx/5kZkb78=
-14,7,H0ONzy1ukuJnl2kUFEdBBLMYLmY=,qCC2doqoakZnKYTMOrGrXxDyqB4=
-13,9,Veha7vq8PWiJ9I0mvkTQrbvEctE=,Mq0H5yBagtBRsZX4wxx/5kZkb78=
-11,10,Veha7vq8PWiJ9I0mvkTQrbvEctE=,eftcNYps1FfpAyes0mUSedmSW6E=
-11,9,Veha7vq8PWiJ9I0mvkTQrbvEctE=,n0PMZc3h5kW/N31kNcEWYxqJCo4=
-12,9,Veha7vq8PWiJ9I0mvkTQrbvEctE=,n0PMZc3h5kW/N31kNcEWYxqJCo4=
-12,10,Veha7vq8PWiJ9I0mvkTQrbvEctE=,eftcNYps1FfpAyes0mUSedmSW6E=
-13,10,Veha7vq8PWiJ9I0mvkTQrbvEctE=,ZpsIpt5t0/zs3YIQoO5j7mjYccM=
-10,10,Veha7vq8PWiJ9I0mvkTQrbvEctE=,yY/1HG2WhMVmP05Pab0gwzaWvx8=
-10,9,Veha7vq8PWiJ9I0mvkTQrbvEctE=,jeta0aEqVYFyMptE+4N16q/GE0A=
-15,9,Veha7vq8PWiJ9I0mvkTQrbvEctE=,U2LLM1KbzzGa9drNPGXiViID25E=
-15,10,Veha7vq8PWiJ9I0mvkTQrbvEctE=,M5+WX/Z+SawX5f7dhlQgy5rlH74=
-14,9,Veha7vq8PWiJ9I0mvkTQrbvEctE=,Mq0H5yBagtBRsZX4wxx/5kZkb78=
-14,10,Veha7vq8PWiJ9I0mvkTQrbvEctE=,ZpsIpt5t0/zs3YIQoO5j7mjYccM=
-12,12,Veha7vq8PWiJ9I0mvkTQrbvEctE=,gF0oIiOPHOkoLJyVRjGOtdgMKc8=
-13,11,Veha7vq8PWiJ9I0mvkTQrbvEctE=,ZpsIpt5t0/zs3YIQoO5j7mjYccM=
-12,11,Veha7vq8PWiJ9I0mvkTQrbvEctE=,eftcNYps1FfpAyes0mUSedmSW6E=
-11,12,Veha7vq8PWiJ9I0mvkTQrbvEctE=,gF0oIiOPHOkoLJyVRjGOtdgMKc8=
-10,12,Veha7vq8PWiJ9I0mvkTQrbvEctE=,eo+i9QQl9e/Apz6EKR2bUDM4Utc=
-13,12,Veha7vq8PWiJ9I0mvkTQrbvEctE=,9YfT51yDSCL7BzBvswej35xe378=
-11,11,Veha7vq8PWiJ9I0mvkTQrbvEctE=,eftcNYps1FfpAyes0mUSedmSW6E=
-10,11,Veha7vq8PWiJ9I0mvkTQrbvEctE=,yY/1HG2WhMVmP05Pab0gwzaWvx8=
-14,12,4RGTunCBbVKJGvvKD89JqK8NSW4=,9YfT51yDSCL7BzBvswej35xe378=
-14,11,4RGTunCBbVKJGvvKD89JqK8NSW4=,ZpsIpt5t0/zs3YIQoO5j7mjYccM=
-15,11,4RGTunCBbVKJGvvKD89JqK8NSW4=,M5+WX/Z+SawX5f7dhlQgy5rlH74=
-15,12,4RGTunCBbVKJGvvKD89JqK8NSW4=,Qpln2Pbhig3SAHYmx3txa9X/J20=
-10,14,4RGTunCBbVKJGvvKD89JqK8NSW4=,2Vv3VOZoZiSgtITNgBFngsOzuKE=
-11,14,4RGTunCBbVKJGvvKD89JqK8NSW4=,TK34ON2j3XxRVHug9LLsiKJ7ADM=
-11,13,4RGTunCBbVKJGvvKD89JqK8NSW4=,gF0oIiOPHOkoLJyVRjGOtdgMKc8=
-10,13,4RGTunCBbVKJGvvKD89JqK8NSW4=,eo+i9QQl9e/Apz6EKR2bUDM4Utc=
-12,14,4RGTunCBbVKJGvvKD89JqK8NSW4=,TK34ON2j3XxRVHug9LLsiKJ7ADM=
-12,13,4RGTunCBbVKJGvvKD89JqK8NSW4=,gF0oIiOPHOkoLJyVRjGOtdgMKc8=
-13,14,4RGTunCBbVKJGvvKD89JqK8NSW4=,olwZ4cJAUCqrsnjsc32LosFKzzE=
-13,13,4RGTunCBbVKJGvvKD89JqK8NSW4=,9YfT51yDSCL7BzBvswej35xe378=
-13,15,4RGTunCBbVKJGvvKD89JqK8NSW4=,olwZ4cJAUCqrsnjsc32LosFKzzE=
-12,15,4RGTunCBbVKJGvvKD89JqK8NSW4=,TK34ON2j3XxRVHug9LLsiKJ7ADM=
-14,13,4RGTunCBbVKJGvvKD89JqK8NSW4=,9YfT51yDSCL7BzBvswej35xe378=
-14,14,4RGTunCBbVKJGvvKD89JqK8NSW4=,olwZ4cJAUCqrsnjsc32LosFKzzE=
-15,13,4RGTunCBbVKJGvvKD89JqK8NSW4=,Qpln2Pbhig3SAHYmx3txa9X/J20=
-15,14,4RGTunCBbVKJGvvKD89JqK8NSW4=,V5XZF65UKrGGGJfUSENsJRkdeHI=
-15,15,coHIV/OpAPjUnHdPUJKZSh5pl04=,V5XZF65UKrGGGJfUSENsJRkdeHI=
-16,14,coHIV/OpAPjUnHdPUJKZSh5pl04=,V5XZF65UKrGGGJfUSENsJRkdeHI=
-16,13,coHIV/OpAPjUnHdPUJKZSh5pl04=,Qpln2Pbhig3SAHYmx3txa9X/J20=
-16,15,coHIV/OpAPjUnHdPUJKZSh5pl04=,V5XZF65UKrGGGJfUSENsJRkdeHI=
-14,15,coHIV/OpAPjUnHdPUJKZSh5pl04=,olwZ4cJAUCqrsnjsc32LosFKzzE=
-16,12,coHIV/OpAPjUnHdPUJKZSh5pl04=,Qpln2Pbhig3SAHYmx3txa9X/J20=
-16,11,coHIV/OpAPjUnHdPUJKZSh5pl04=,M5+WX/Z+SawX5f7dhlQgy5rlH74=
-16,9,coHIV/OpAPjUnHdPUJKZSh5pl04=,U2LLM1KbzzGa9drNPGXiViID25E=
-16,10,coHIV/OpAPjUnHdPUJKZSh5pl04=,M5+WX/Z+SawX5f7dhlQgy5rlH74=
-16,7,coHIV/OpAPjUnHdPUJKZSh5pl04=,jf3YVaiOT/q6ZFdxmTN7TVp8m24=
-16,8,coHIV/OpAPjUnHdPUJKZSh5pl04=,U2LLM1KbzzGa9drNPGXiViID25E=
-15,6,coHIV/OpAPjUnHdPUJKZSh5pl04=,jf3YVaiOT/q6ZFdxmTN7TVp8m24=
-14,6,coHIV/OpAPjUnHdPUJKZSh5pl04=,qCC2doqoakZnKYTMOrGrXxDyqB4=
-14,5,coHIV/OpAPjUnHdPUJKZSh5pl04=,aEg/aF70j+IKo8FTLIvw4EwNdP4=
-15,5,coHIV/OpAPjUnHdPUJKZSh5pl04=,3xoezHHMAcrBLYlhbzS1RAH1InQ=
-16,6,LBEJxj1yMgcxNqgGY9Mpqg56FEA=,jf3YVaiOT/q6ZFdxmTN7TVp8m24=
-16,5,LBEJxj1yMgcxNqgGY9Mpqg56FEA=,3xoezHHMAcrBLYlhbzS1RAH1InQ=
-15,3,LBEJxj1yMgcxNqgGY9Mpqg56FEA=,ycCL7dkxieEav8WxU3E+Cl6oupM=
-15,4,LBEJxj1yMgcxNqgGY9Mpqg56FEA=,3xoezHHMAcrBLYlhbzS1RAH1InQ=
-14,3,LBEJxj1yMgcxNqgGY9Mpqg56FEA=,1ZA5JAzYrGNvbVjXQeKmkjgG7kE=
-14,4,LBEJxj1yMgcxNqgGY9Mpqg56FEA=,aEg/aF70j+IKo8FTLIvw4EwNdP4=
-15,1,LBEJxj1yMgcxNqgGY9Mpqg56FEA=,LlTforvI51gi3snYKu84wVXIzV8=
-15,2,LBEJxj1yMgcxNqgGY9Mpqg56FEA=,ycCL7dkxieEav8WxU3E+Cl6oupM=
-14,2,LBEJxj1yMgcxNqgGY9Mpqg56FEA=,1ZA5JAzYrGNvbVjXQeKmkjgG7kE=
-14,1,LBEJxj1yMgcxNqgGY9Mpqg56FEA=,db+37frdxh075trjAMAsqMxjp2o=
-16,3,LBEJxj1yMgcxNqgGY9Mpqg56FEA=,ycCL7dkxieEav8WxU3E+Cl6oupM=
-16,4,LBEJxj1yMgcxNqgGY9Mpqg56FEA=,3xoezHHMAcrBLYlhbzS1RAH1InQ=
-16,2,LBEJxj1yMgcxNqgGY9Mpqg56FEA=,ycCL7dkxieEav8WxU3E+Cl6oupM=
-16,1,LBEJxj1yMgcxNqgGY9Mpqg56FEA=,LlTforvI51gi3snYKu84wVXIzV8=
-16,0,LBEJxj1yMgcxNqgGY9Mpqg56FEA=,LlTforvI51gi3snYKu84wVXIzV8=
-15,0,LBEJxj1yMgcxNqgGY9Mpqg56FEA=,LlTforvI51gi3snYKu84wVXIzV8=
-14,0,LBEJxj1yMgcxNqgGY9Mpqg56FEA=,db+37frdxh075trjAMAsqMxjp2o=
-12,0,LBEJxj1yMgcxNqgGY9Mpqg56FEA=,UMtFXtIXLKRjD0IlalPrLF5+nzQ=
-13,0,LBEJxj1yMgcxNqgGY9Mpqg56FEA=,db+37frdxh075trjAMAsqMxjp2o=
-11,0,LBEJxj1yMgcxNqgGY9Mpqg56FEA=,UMtFXtIXLKRjD0IlalPrLF5+nzQ=
-10,0,LBEJxj1yMgcxNqgGY9Mpqg56FEA=,4qpoqpWlTNPDuEhVzBjiHyGuBP4=
-1,0,LBEJxj1yMgcxNqgGY9Mpqg56FEA=,2SftFj4mdH5/VtraWqxuOOUyXf8=
-1,12,LBEJxj1yMgcxNqgGY9Mpqg56FEA=,05aiZXgxD1f5OzxOAM/20Tpq35w=
-1,10,LBEJxj1yMgcxNqgGY9Mpqg56FEA=,JQdjfaYRe5NeYuBpZcAHwn9RrtQ=
-1,11,LBEJxj1yMgcxNqgGY9Mpqg56FEA=,JQdjfaYRe5NeYuBpZcAHwn9RrtQ=
-1,15,LBEJxj1yMgcxNqgGY9Mpqg56FEA=,7LPznyr2RIUz9kUx5Q10i7ti3UQ=
-11,15,LBEJxj1yMgcxNqgGY9Mpqg56FEA=,TK34ON2j3XxRVHug9LLsiKJ7ADM=
-10,15,LBEJxj1yMgcxNqgGY9Mpqg56FEA=,2Vv3VOZoZiSgtITNgBFngsOzuKE=
-9,15,LBEJxj1yMgcxNqgGY9Mpqg56FEA=,2Vv3VOZoZiSgtITNgBFngsOzuKE=
-8,15,LBEJxj1yMgcxNqgGY9Mpqg56FEA=,mHSuIvC9W/HVe+fuCLECtVXULCc=
-1,9,LBEJxj1yMgcxNqgGY9Mpqg56FEA=,/cbnvGW0NLcsKhhSwuPk6eC2u3o=
-1,7,LBEJxj1yMgcxNqgGY9Mpqg56FEA=,qT+6JJEC4LcpDwag4gepMvOXx3w=
-1,8,LBEJxj1yMgcxNqgGY9Mpqg56FEA=,/cbnvGW0NLcsKhhSwuPk6eC2u3o=
