-10,-11,FNJhCqWhilv2okREsmlTTBJ9H5M=,85jw3mQzGNQMoeDaAEdG6CBXHyE=
-11,-11,FNJhCqWhilv2okREsmlTTBJ9H5M=,WcwUEHRrf8/4CqUJoC5vHnLl3a8=
-10,-10,FNJhCqWhilv2okREsmlTTBJ9H5M=,90fXlaAcvlhAN0mPzLn6BQjrmfg=
-11,-10,FNJhCqWhilv2okREsmlTTBJ9H5M=,bLEUx78fGvCmvw/IaHcGx5OTWTQ=
-8,-11,Ty594KRfjyNRkE2LMc4kmffFqew=,IgPl7OCQmQHa7Evcl8S970qA4BU=
-8,-10,Ty594KRfjyNRkE2LMc4kmffFqew=,pip9y7a9iX6/8gEluk27X4XOVX0=
-9,-11,Ty594KRfjyNRkE2LMc4kmffFqew=,85jw3mQzGNQMoeDaAEdG6CBXHyE=
-9,-8,Ty594KRfjyNRkE2LMc4kmffFqew=,pXp+FgclAEF6yWGlQTx9K0/pyE4=
-9,-10,Ty594KRfjyNRkE2LMc4kmffFqew=,90fXlaAcvlhAN0mPzLn6BQjrmfg=
-8,-9,Ty594KRfjyNRkE2LMc4kmffFqew=,pip9y7a9iX6/8gEluk27X4XOVX0=
-9,-9,Ty594KRfjyNRkE2LMc4kmffFqew=,90fXlaAcvlhAN0mPzLn6BQjrmfg=
-8,-8,Ty594KRfjyNRkE2LMc4kmffFqew=,INpx9NL1c7lBIZ5/Yppk44QiDPo=
-10,-8,uNQlWeAAAPH+lYeRqG5wymMzFVc=,pXp+FgclAEF6yWGlQTx9K0/pyE4=
-10,-9,uNQlWeAAAPH+lYeRqG5wymMzFVc=,90fXlaAcvlhAN0mPzLn6BQjrmfg=
-11,-8,uNQlWeAAAPH+lYeRqG5wymMzFVc=,HDQ4AMxrs/A3XMvrIzcAjsc/Ge0=
-9,-7,uNQlWeAAAPH+lYeRqG5wymMzFVc=,pXp+FgclAEF6yWGlQTx9K0/pyE4=
-8,-7,uNQlWeAAAPH+lYeRqG5wymMzFVc=,INpx9NL1c7lBIZ5/Yppk44QiDPo=
-11,-7,uNQlWeAAAPH+lYeRqG5wymMzFVc=,HDQ4AMxrs/A3XMvrIzcAjsc/Ge0=
-10,-7,uNQlWeAAAPH+lYeRqG5wymMzFVc=,pXp+FgclAEF6yWGlQTx9K0/pyE4=
-11,-9,uNQlWeAAAPH+lYeRqG5wymMzFVc=,bLEUx78fGvCmvw/IaHcGx5OTWTQ=
-9,-6,uNQlWeAAAPH+lYeRqG5wymMzFVc=,a3Eu9a+rVaN3Sdwpy90r0QCzgBk=
-10,-6,uNQlWeAAAPH+lYeRqG5wymMzFVc=,a3Eu9a+rVaN3Sdwpy90r0QCzgBk=
-8,-6,uNQlWeAAAPH+lYeRqG5wymMzFVc=,XEDbXC/QXuLw+d9Ip/qc5hBpsJ8=
-11,-6,uNQlWeAAAPH+lYeRqG5wymMzFVc=,bjLJgyLkY8D/ULn8VY7nouLQawo=
-8,-5,yVMsu6sg+3ZZM6XNFkYUXe1iZe8=,XEDbXC/QXuLw+d9Ip/qc5hBpsJ8=
-10,-5,yVMsu6sg+3ZZM6XNFkYUXe1iZe8=,a3Eu9a+rVaN3Sdwpy90r0QCzgBk=
-11,-5,yVMsu6sg+3ZZM6XNFkYUXe1iZe8=,bjLJgyLkY8D/ULn8VY7nouLQawo=
-9,-5,yVMsu6sg+3ZZM6XNFkYUXe1iZe8=,a3Eu9a+rVaN3Sdwpy90r0QCzgBk=
-8,-4,yVMsu6sg+3ZZM6XNFkYUXe1iZe8=,GIGl/7+7d0Vk0AxPf92iFc0n+78=
-9,-4,yVMsu6sg+3ZZM6XNFkYUXe1iZe8=,zms7oa5MsLO0W5VnCRhXvh0pYV4=
-11,-4,yVMsu6sg+3ZZM6XNFkYUXe1iZe8=,cmeyeuN5MaXi3dDYFE39acmFA2w=
-10,-4,yVMsu6sg+3ZZM6XNFkYUXe1iZe8=,zms7oa5MsLO0W5VnCRhXvh0pYV4=
-12,-2,Z9PMHRdADEBjCokfXMXgBLwqc9Q=,gmrjpHH5XndDRFyZAEsJ0g5kw9w=
-12,-3,Z9PMHRdADEBjCokfXMXgBLwqc9Q=,cmeyeuN5MaXi3dDYFE39acmFA2w=
-11,-2,rwyitFfC0ea+Wbznt+bXbhKlJ/A=,gmrjpHH5XndDRFyZAEsJ0g5kw9w=
-13,-3,rwyitFfC0ea+Wbznt+bXbhKlJ/A=,Ovj3dhkd7gxqUOap6QL6498TXIo=
-13,-2,rwyitFfC0ea+Wbznt+bXbhKlJ/A=,BeUr0rr1HF/0noWfxBc2k9yIcok=
-11,-3,rwyitFfC0ea+Wbznt+bXbhKlJ/A=,cmeyeuN5MaXi3dDYFE39acmFA2w=
-10,-2,rwyitFfC0ea+Wbznt+bXbhKlJ/A=,hG07ZD9CeTAY/gFAZ4kFhnx2DCw=
-10,-3,rwyitFfC0ea+Wbznt+bXbhKlJ/A=,zms7oa5MsLO0W5VnCRhXvh0pYV4=
-12,-4,rwyitFfC0ea+Wbznt+bXbhKlJ/A=,cmeyeuN5MaXi3dDYFE39acmFA2w=
-13,-5,rwyitFfC0ea+Wbznt+bXbhKlJ/A=,DV2kkeHgFycGOH0SodP8zv6TWuU=
-12,-5,rwyitFfC0ea+Wbznt+bXbhKlJ/A=,bjLJgyLkY8D/ULn8VY7nouLQawo=
-13,-4,rwyitFfC0ea+Wbznt+bXbhKlJ/A=,Ovj3dhkd7gxqUOap6QL6498TXIo=
-12,-7,ULIY2p05HePsIKOApnWSbt+JfkE=,HDQ4AMxrs/A3XMvrIzcAjsc/Ge0=
-12,-6,ULIY2p05HePsIKOApnWSbt+JfkE=,bjLJgyLkY8D/ULn8VY7nouLQawo=
-13,-6,ULIY2p05HePsIKOApnWSbt+JfkE=,DV2kkeHgFycGOH0SodP8zv6TWuU=
-13,-7,ULIY2p05HePsIKOApnWSbt+JfkE=,o3cwExyiHX/htpX1qh+KP6SMPZ8=
-15,-7,l30+MJl1Nq0Jgf5BXBXqyGrTOiI=,6/ERUQxUhIFwnHNc+tjeJ4CPzQs=
-15,-6,l30+MJl1Nq0Jgf5BXBXqyGrTOiI=,kxqevaA9WHgh5Z7iN1uLFq8B+FQ=
-14,-7,l30+MJl1Nq0Jgf5BXBXqyGrTOiI=,o3cwExyiHX/htpX1qh+KP6SMPZ8=
-14,-6,l30+MJl1Nq0Jgf5BXBXqyGrTOiI=,DV2kkeHgFycGOH0SodP8zv6TWuU=
-12,-8,l30+MJl1Nq0Jgf5BXBXqyGrTOiI=,HDQ4AMxrs/A3XMvrIzcAjsc/Ge0=
-13,-9,l30+MJl1Nq0Jgf5BXBXqyGrTOiI=,jcliPB4lc928x4YLNkc24+56vRw=
-13,-8,l30+MJl1Nq0Jgf5BXBXqyGrTOiI=,o3cwExyiHX/htpX1qh+KP6SMPZ8=
-12,-9,l30+MJl1Nq0Jgf5BXBXqyGrTOiI=,bLEUx78fGvCmvw/IaHcGx5OTWTQ=
-14,-9,sqxxoGLwN2yQDCkK49n0b+Ryc8M=,jcliPB4lc928x4YLNkc24+56vRw=
-15,-9,sqxxoGLwN2yQDCkK49n0b+Ryc8M=,Czz/0RdlgotNPWa8Pxevep2Qt90=
-15,-8,sqxxoGLwN2yQDCkK49n0b+Ryc8M=,6/ERUQxUhIFwnHNc+tjeJ4CPzQs=
-14,-8,ZYPPCr4q+Iok+esX6sijgtO2TJs=,o3cwExyiHX/htpX1qh+KP6SMPZ8=
-13,-10,ZYPPCr4q+Iok+esX6sijgtO2TJs=,jcliPB4lc928x4YLNkc24+56vRw=
-13,-11,ZYPPCr4q+Iok+esX6sijgtO2TJs=,7aMJzCZ4kmXhUH8MVn0ZAqZvhUk=
-15,-11,ZYPPCr4q+Iok+esX6sijgtO2TJs=,8IqTLeayJc9qN2yziX5Taom9v7w=
-14,-10,ZYPPCr4q+Iok+esX6sijgtO2TJs=,jcliPB4lc928x4YLNkc24+56vRw=
-15,-10,ZYPPCr4q+Iok+esX6sijgtO2TJs=,Czz/0RdlgotNPWa8Pxevep2Qt90=
-12,-11,ZYPPCr4q+Iok+esX6sijgtO2TJs=,WcwUEHRrf8/4CqUJoC5vHnLl3a8=
-14,-11,ZYPPCr4q+Iok+esX6sijgtO2TJs=,7aMJzCZ4kmXhUH8MVn0ZAqZvhUk=
-12,-10,ZYPPCr4q+Iok+esX6sijgtO2TJs=,bLEUx78fGvCmvw/IaHcGx5OTWTQ=
-15,-12,Dr96AqbBff8Wb5CtDf24h0kePSU=,8IqTLeayJc9qN2yziX5Taom9v7w=
-15,-13,Dr96AqbBff8Wb5CtDf24h0kePSU=,L4AJq3bGLDV4M439URRvRnDm4/E=
-14,-12,Dr96AqbBff8Wb5CtDf24h0kePSU=,7aMJzCZ4kmXhUH8MVn0ZAqZvhUk=
-14,-13,Dr96AqbBff8Wb5CtDf24h0kePSU=,hmkq7yZsYclP4GcagPcu9ZTZM6s=
-12,-13,Dr96AqbBff8Wb5CtDf24h0kePSU=,G0BWrESkSEepg7PiyQyjbQaih2g=
-12,-15,Dr96AqbBff8Wb5CtDf24h0kePSU=,uAbWvWnkgXP7eXd55peHOyyiF9U=
-13,-12,Dr96AqbBff8Wb5CtDf24h0kePSU=,7aMJzCZ4kmXhUH8MVn0ZAqZvhUk=
-12,-14,Dr96AqbBff8Wb5CtDf24h0kePSU=,G0BWrESkSEepg7PiyQyjbQaih2g=
-13,-13,Dr96AqbBff8Wb5CtDf24h0kePSU=,hmkq7yZsYclP4GcagPcu9ZTZM6s=
-13,-14,Dr96AqbBff8Wb5CtDf24h0kePSU=,hmkq7yZsYclP4GcagPcu9ZTZM6s=
-12,-12,Dr96AqbBff8Wb5CtDf24h0kePSU=,WcwUEHRrf8/4CqUJoC5vHnLl3a8=
-13,-15,Dr96AqbBff8Wb5CtDf24h0kePSU=,6dS/nagSDFRBv2mtHc/vuxgyWqc=
-14,-14,zYAtpuF7o+vJY0gupmpr0l1vfNA=,hmkq7yZsYclP4GcagPcu9ZTZM6s=
-14,-15,zYAtpuF7o+vJY0gupmpr0l1vfNA=,6dS/nagSDFRBv2mtHc/vuxgyWqc=
-15,-14,zYAtpuF7o+vJY0gupmpr0l1vfNA=,L4AJq3bGLDV4M439URRvRnDm4/E=
-15,-15,zYAtpuF7o+vJY0gupmpr0l1vfNA=,gwTQdia2CSxqq/aKSnGo9ARvsQU=
-10,-15,zYAtpuF7o+vJY0gupmpr0l1vfNA=,Gt0wUmSWUng/ac9+TjQqdtfbrlU=
-11,-15,zYAtpuF7o+vJY0gupmpr0l1vfNA=,uAbWvWnkgXP7eXd55peHOyyiF9U=
-11,-14,zYAtpuF7o+vJY0gupmpr0l1vfNA=,G0BWrESkSEepg7PiyQyjbQaih2g=
-10,-14,zYAtpuF7o+vJY0gupmpr0l1vfNA=,ycTBdl8QpljsIdR7Q/+ALPXAjf4=
-11,-12,zYAtpuF7o+vJY0gupmpr0l1vfNA=,WcwUEHRrf8/4CqUJoC5vHnLl3a8=
-10,-12,zYAtpuF7o+vJY0gupmpr0l1vfNA=,85jw3mQzGNQMoeDaAEdG6CBXHyE=
-11,-13,zYAtpuF7o+vJY0gupmpr0l1vfNA=,G0BWrESkSEepg7PiyQyjbQaih2g=
-10,-13,zYAtpuF7o+vJY0gupmpr0l1vfNA=,ycTBdl8QpljsIdR7Q/+ALPXAjf4=
-9,-13,zYAtpuF7o+vJY0gupmpr0l1vfNA=,ycTBdl8QpljsIdR7Q/+ALPXAjf4=
-8,-13,zYAtpuF7o+vJY0gupmpr0l1vfNA=,bWn9ILXQMtx4Oqavuctle9s8qwc=
-8,-12,zYAtpuF7o+vJY0gupmpr0l1vfNA=,IgPl7OCQmQHa7Evcl8S970qA4BU=
-9,-12,zYAtpuF7o+vJY0gupmpr0l1vfNA=,85jw3mQzGNQMoeDaAEdG6CBXHyE=
-9,-15,3zuXaVed7OhjY+BSXPqhfDjWyUI=,Gt0wUmSWUng/ac9+TjQqdtfbrlU=
-9,-14,3zuXaVed7OhjY+BSXPqhfDjWyUI=,ycTBdl8QpljsIdR7Q/+ALPXAjf4=
-8,-14,3zuXaVed7OhjY+BSXPqhfDjWyUI=,bWn9ILXQMtx4Oqavuctle9s8qwc=
-8,-15,3zuXaVed7OhjY+BSXPqhfDjWyUI=,V6kxhp3z5DpnTyhjAYg3G6rM/wg=
-7,-14,1QLn2e2grHA85WVOR6Gu/4mm67g=,bWn9ILXQMtx4Oqavuctle9s8qwc=
-6,-14,1QLn2e2grHA85WVOR6Gu/4mm67g=,0CfQOuMO5BOMiJNLbRz8V23OcA8=
-7,-15,1QLn2e2grHA85WVOR6Gu/4mm67g=,V6kxhp3z5DpnTyhjAYg3G6rM/wg=
-6,-15,1QLn2e2grHA85WVOR6Gu/4mm67g=,N7QR1kZy2dSTsIJoldTea8YcgLk=
-5,-14,LGo+ZNIFYCT/NBZ8gHJNyJOs7RE=,0CfQOuMO5BOMiJNLbRz8V23OcA8=
-4,-14,LGo+ZNIFYCT/NBZ8gHJNyJOs7RE=,9KZMhAzgknE4KSh6Gbd4kWQaC8g=
-5,-15,LGo+ZNIFYCT/NBZ8gHJNyJOs7RE=,N7QR1kZy2dSTsIJoldTea8YcgLk=
-4,-15,LGo+ZNIFYCT/NBZ8gHJNyJOs7RE=,/EOjXbPEO/68voENv97Q+oAQpwU=
-2,-14,LGo+ZNIFYCT/NBZ8gHJNyJOs7RE=,7elTmVj2BeQSP8gUrd+zmF4Hr8s=
-2,-15,LGo+ZNIFYCT/NBZ8gHJNyJOs7RE=,msKP8RtrV7G3EX96ZZrpFTRLl28=
-3,-14,LGo+ZNIFYCT/NBZ8gHJNyJOs7RE=,9KZMhAzgknE4KSh6Gbd4kWQaC8g=
-3,-15,LGo+ZNIFYCT/NBZ8gHJNyJOs7RE=,/EOjXbPEO/68voENv97Q+oAQpwU=
-4,-12,3BW5t60Y8XFmZiWyUPbgHxORZfc=,tqppfY5sADnJqKiEUshqnHuKzuI=
-4,-13,3BW5t60Y8XFmZiWyUPbgHxORZfc=,9KZMhAzgknE4KSh6Gbd4kWQaC8g=
-5,-13,3BW5t60Y8XFmZiWyUPbgHxORZfc=,0CfQOuMO5BOMiJNLbRz8V23OcA8=
-5,-12,3BW5t60Y8XFmZiWyUPbgHxORZfc=,LXAFxit462hrwsfAD4DJJs3NEXg=
-7,-13,3BW5t60Y8XFmZiWyUPbgHxORZfc=,bWn9ILXQMtx4Oqavuctle9s8qwc=
-2,-12,3BW5t60Y8XFmZiWyUPbgHxORZfc=,4zCvXuI07i3mfFFw4+qr18l8FLg=
-2,-13,3BW5t60Y8XFmZiWyUPbgHxORZfc=,7elTmVj2BeQSP8gUrd+zmF4Hr8s=
-3,-12,3BW5t60Y8XFmZiWyUPbgHxORZfc=,tqppfY5sADnJqKiEUshqnHuKzuI=
-3,-13,3BW5t60Y8XFmZiWyUPbgHxORZfc=,9KZMhAzgknE4KSh6Gbd4kWQaC8g=
-6,-12,3BW5t60Y8XFmZiWyUPbgHxORZfc=,LXAFxit462hrwsfAD4DJJs3NEXg=
-6,-13,3BW5t60Y8XFmZiWyUPbgHxORZfc=,0CfQOuMO5BOMiJNLbRz8V23OcA8=
-7,-12,3BW5t60Y8XFmZiWyUPbgHxORZfc=,IgPl7OCQmQHa7Evcl8S970qA4BU=
-4,-11,3BW5t60Y8XFmZiWyUPbgHxORZfc=,tqppfY5sADnJqKiEUshqnHuKzuI=
-4,-10,3BW5t60Y8XFmZiWyUPbgHxORZfc=,eIH9UYSGNRttRH9ItT8AfcPuK58=
-7,-10,3BW5t60Y8XFmZiWyUPbgHxORZfc=,pip9y7a9iX6/8gEluk27X4XOVX0=
-7,-11,3BW5t60Y8XFmZiWyUPbgHxORZfc=,IgPl7OCQmQHa7Evcl8S970qA4BU=
-6,-10,3BW5t60Y8XFmZiWyUPbgHxORZfc=,lNhjH52MA7ycaYhpyQTxZeup1jc=
-6,-11,3BW5t60Y8XFmZiWyUPbgHxORZfc=,LXAFxit462hrwsfAD4DJJs3NEXg=
-5,-10,3BW5t60Y8XFmZiWyUPbgHxORZfc=,lNhjH52MA7ycaYhpyQTxZeup1jc=
-5,-11,3BW5t60Y8XFmZiWyUPbgHxORZfc=,LXAFxit462hrwsfAD4DJJs3NEXg=
-2,-11,ZmJMpkA10A5ZCKpKFdOawjH01yE=,4zCvXuI07i3mfFFw4+qr18l8FLg=
-2,-10,ZmJMpkA10A5ZCKpKFdOawjH01yE=,XFR67i/sycvmtYm9sIVMvkGJLEI=
-3,-11,ZmJMpkA10A5ZCKpKFdOawjH01yE=,tqppfY5sADnJqKiEUshqnHuKzuI=
-3,-10,ZmJMpkA10A5ZCKpKFdOawjH01yE=,eIH9UYSGNRttRH9ItT8AfcPuK58=
-7,-8,ZmJMpkA10A5ZCKpKFdOawjH01yE=,INpx9NL1c7lBIZ5/Yppk44QiDPo=
-7,-9,ZmJMpkA10A5ZCKpKFdOawjH01yE=,pip9y7a9iX6/8gEluk27X4XOVX0=
-6,-8,ZmJMpkA10A5ZCKpKFdOawjH01yE=,NNXuz+ikmHnkNonOQzZN+mc96KA=
-6,-9,ZmJMpkA10A5ZCKpKFdOawjH01yE=,lNhjH52MA7ycaYhpyQTxZeup1jc=
-4,-9,ZmJMpkA10A5ZCKpKFdOawjH01yE=,eIH9UYSGNRttRH9ItT8AfcPuK58=
-4,-8,ZmJMpkA10A5ZCKpKFdOawjH01yE=,5jAAS+4lrIZzff/EcCnr1w1I2p4=
-5,-8,ZmJMpkA10A5ZCKpKFdOawjH01yE=,NNXuz+ikmHnkNonOQzZN+mc96KA=
-5,-9,ZmJMpkA10A5ZCKpKFdOawjH01yE=,lNhjH52MA7ycaYhpyQTxZeup1jc=
-2,-9,ZmJMpkA10A5ZCKpKFdOawjH01yE=,XFR67i/sycvmtYm9sIVMvkGJLEI=
-3,-9,ZmJMpkA10A5ZCKpKFdOawjH01yE=,eIH9UYSGNRttRH9ItT8AfcPuK58=
-2,-8,ZmJMpkA10A5ZCKpKFdOawjH01yE=,sm5O8xkGNV+L17wut3jH8r/claw=
-3,-8,ZmJMpkA10A5ZCKpKFdOawjH01yE=,5jAAS+4lrIZzff/EcCnr1w1I2p4=
-6,-6,gjpOzcCODqDGiz2HLojGTdm8jYs=,7S6eov3OSt4swbPDDZ4yn8Yk9Yk=
-6,-7,gjpOzcCODqDGiz2HLojGTdm8jYs=,NNXuz+ikmHnkNonOQzZN+mc96KA=
-4,-6,gjpOzcCODqDGiz2HLojGTdm8jYs=,wHkris0daK8SCzPaUo7M6G/7sFA=
-4,-7,gjpOzcCODqDGiz2HLojGTdm8jYs=,5jAAS+4lrIZzff/EcCnr1w1I2p4=
-7,-7,gjpOzcCODqDGiz2HLojGTdm8jYs=,INpx9NL1c7lBIZ5/Yppk44QiDPo=
-5,-6,gjpOzcCODqDGiz2HLojGTdm8jYs=,7S6eov3OSt4swbPDDZ4yn8Yk9Yk=
-7,-6,gjpOzcCODqDGiz2HLojGTdm8jYs=,XEDbXC/QXuLw+d9Ip/qc5hBpsJ8=
-5,-7,gjpOzcCODqDGiz2HLojGTdm8jYs=,NNXuz+ikmHnkNonOQzZN+mc96KA=
-2,-7,gjpOzcCODqDGiz2HLojGTdm8jYs=,sm5O8xkGNV+L17wut3jH8r/claw=
-3,-7,gjpOzcCODqDGiz2HLojGTdm8jYs=,5jAAS+4lrIZzff/EcCnr1w1I2p4=
-3,-6,gjpOzcCODqDGiz2HLojGTdm8jYs=,wHkris0daK8SCzPaUo7M6G/7sFA=
-2,-6,gjpOzcCODqDGiz2HLojGTdm8jYs=,LbelQoQMbKlHvV0DLhr0uaNksOs=
-6,-5,gjpOzcCODqDGiz2HLojGTdm8jYs=,7S6eov3OSt4swbPDDZ4yn8Yk9Yk=
-6,-4,gjpOzcCODqDGiz2HLojGTdm8jYs=,lT9LkuitjZD+Z1Vk3pLzXBhEPhY=
-7,-4,gjpOzcCODqDGiz2HLojGTdm8jYs=,GIGl/7+7d0Vk0AxPf92iFc0n+78=
-7,-5,gjpOzcCODqDGiz2HLojGTdm8jYs=,XEDbXC/QXuLw+d9Ip/qc5hBpsJ8=
-4,-4,yUJm+3AryMAWkS8hh/iWzsZh4Qk=,N9uRBSLju0KDWjjWatOsUEBJv+A=
-4,-5,yUJm+3AryMAWkS8hh/iWzsZh4Qk=,wHkris0daK8SCzPaUo7M6G/7sFA=
-5,-5,yUJm+3AryMAWkS8hh/iWzsZh4Qk=,7S6eov3OSt4swbPDDZ4yn8Yk9Yk=
-3,-4,yUJm+3AryMAWkS8hh/iWzsZh4Qk=,N9uRBSLju0KDWjjWatOsUEBJv+A=
-3,-5,yUJm+3AryMAWkS8hh/iWzsZh4Qk=,wHkris0daK8SCzPaUo7M6G/7sFA=
-5,-4,yUJm+3AryMAWkS8hh/iWzsZh4Qk=,lT9LkuitjZD+Z1Vk3pLzXBhEPhY=
-2,-5,yUJm+3AryMAWkS8hh/iWzsZh4Qk=,LbelQoQMbKlHvV0DLhr0uaNksOs=
-2,-4,yUJm+3AryMAWkS8hh/iWzsZh4Qk=,VMNpYVhi91ekybZULwuVkSrKs+c=
-4,-3,yUJm+3AryMAWkS8hh/iWzsZh4Qk=,N9uRBSLju0KDWjjWatOsUEBJv+A=
-5,-3,yUJm+3AryMAWkS8hh/iWzsZh4Qk=,lT9LkuitjZD+Z1Vk3pLzXBhEPhY=
-5,-2,yUJm+3AryMAWkS8hh/iWzsZh4Qk=,cOY+DJHYWio7Ph2j75wb8YOEXtk=
-4,-2,yUJm+3AryMAWkS8hh/iWzsZh4Qk=,241Pe6P6/FfEz/+IaAA9bDzRlnI=
-4,-1,sp/B2CPfH+/ApdIzkh1j1bp8Gk0=,241Pe6P6/FfEz/+IaAA9bDzRlnI=
-5,-1,sp/B2CPfH+/ApdIzkh1j1bp8Gk0=,cOY+DJHYWio7Ph2j75wb8YOEXtk=
-2,-3,sp/B2CPfH+/ApdIzkh1j1bp8Gk0=,VMNpYVhi91ekybZULwuVkSrKs+c=
-3,-3,sp/B2CPfH+/ApdIzkh1j1bp8Gk0=,N9uRBSLju0KDWjjWatOsUEBJv+A=
-6,-3,sp/B2CPfH+/ApdIzkh1j1bp8Gk0=,lT9LkuitjZD+Z1Vk3pLzXBhEPhY=
-9,-2,sp/B2CPfH+/ApdIzkh1j1bp8Gk0=,hG07ZD9CeTAY/gFAZ4kFhnx2DCw=
-8,-2,sp/B2CPfH+/ApdIzkh1j1bp8Gk0=,upQRMN2BhKY2Q07ygJzi0cf7FDg=
-6,-2,sp/B2CPfH+/ApdIzkh1j1bp8Gk0=,cOY+DJHYWio7Ph2j75wb8YOEXtk=
-3,-2,sp/B2CPfH+/ApdIzkh1j1bp8Gk0=,241Pe6P6/FfEz/+IaAA9bDzRlnI=
-7,-2,sp/B2CPfH+/ApdIzkh1j1bp8Gk0=,upQRMN2BhKY2Q07ygJzi0cf7FDg=
-2,-2,sp/B2CPfH+/ApdIzkh1j1bp8Gk0=,EbOa+J3s5GyyjDgBqLOsX3IP89I=
-9,-3,sp/B2CPfH+/ApdIzkh1j1bp8Gk0=,zms7oa5MsLO0W5VnCRhXvh0pYV4=
-7,-3,sp/B2CPfH+/ApdIzkh1j1bp8Gk0=,GIGl/7+7d0Vk0AxPf92iFc0n+78=
-6,-1,sp/B2CPfH+/ApdIzkh1j1bp8Gk0=,cOY+DJHYWio7Ph2j75wb8YOEXtk=
-7,-1,sp/B2CPfH+/ApdIzkh1j1bp8Gk0=,upQRMN2BhKY2Q07ygJzi0cf7FDg=
-8,-3,sp/B2CPfH+/ApdIzkh1j1bp8Gk0=,GIGl/7+7d0Vk0AxPf92iFc0n+78=
-9,-1,sp/B2CPfH+/ApdIzkh1j1bp8Gk0=,hG07ZD9CeTAY/gFAZ4kFhnx2DCw=
-8,-1,sp/B2CPfH+/ApdIzkh1j1bp8Gk0=,upQRMN2BhKY2Q07ygJzi0cf7FDg=
-11,-1,sp/B2CPfH+/ApdIzkh1j1bp8Gk0=,gmrjpHH5XndDRFyZAEsJ0g5kw9w=
-13,-1,sp/B2CPfH+/ApdIzkh1j1bp8Gk0=,BeUr0rr1HF/0noWfxBc2k9yIcok=
-10,-1,sp/B2CPfH+/ApdIzkh1j1bp8Gk0=,hG07ZD9CeTAY/gFAZ4kFhnx2DCw=
-3,-1,sp/B2CPfH+/ApdIzkh1j1bp8Gk0=,241Pe6P6/FfEz/+IaAA9bDzRlnI=
-12,-1,sp/B2CPfH+/ApdIzkh1j1bp8Gk0=,gmrjpHH5XndDRFyZAEsJ0g5kw9w=
-2,-1,34KXYUWU9OtKRnybCrpBkPZRcyM=,EbOa+J3s5GyyjDgBqLOsX3IP89I=
-15,-1,34KXYUWU9OtKRnybCrpBkPZRcyM=,2Va+Vi7UX6vwSO1S6MjREWZ+PKU=
-14,-1,34KXYUWU9OtKRnybCrpBkPZRcyM=,BeUr0rr1HF/0noWfxBc2k9yIcok=
-16,-2,34KXYUWU9OtKRnybCrpBkPZRcyM=,2Va+Vi7UX6vwSO1S6MjREWZ+PKU=
-14,-5,34KXYUWU9OtKRnybCrpBkPZRcyM=,DV2kkeHgFycGOH0SodP8zv6TWuU=
-15,-4,34KXYUWU9OtKRnybCrpBkPZRcyM=,tVZ6CWcQM2qRWENJkk4G9Sfbyj8=
-14,-3,34KXYUWU9OtKRnybCrpBkPZRcyM=,Ovj3dhkd7gxqUOap6QL6498TXIo=
-15,-3,34KXYUWU9OtKRnybCrpBkPZRcyM=,tVZ6CWcQM2qRWENJkk4G9Sfbyj8=
-15,-2,34KXYUWU9OtKRnybCrpBkPZRcyM=,2Va+Vi7UX6vwSO1S6MjREWZ+PKU=
-16,-5,34KXYUWU9OtKRnybCrpBkPZRcyM=,kxqevaA9WHgh5Z7iN1uLFq8B+FQ=
-14,-4,dlZKdSzxneOy3NerlzO+bWyRN5I=,Ovj3dhkd7gxqUOap6QL6498TXIo=
-16,-3,dlZKdSzxneOy3NerlzO+bWyRN5I=,tVZ6CWcQM2qRWENJkk4G9Sfbyj8=
-15,-5,dlZKdSzxneOy3NerlzO+bWyRN5I=,kxqevaA9WHgh5Z7iN1uLFq8B+FQ=
-14,-2,dlZKdSzxneOy3NerlzO+bWyRN5I=,BeUr0rr1HF/0noWfxBc2k9yIcok=
-16,-4,dlZKdSzxneOy3NerlzO+bWyRN5I=,tVZ6CWcQM2qRWENJkk4G9Sfbyj8=
-16,-7,dlZKdSzxneOy3NerlzO+bWyRN5I=,6/ERUQxUhIFwnHNc+tjeJ4CPzQs=
-16,-6,dlZKdSzxneOy3NerlzO+bWyRN5I=,kxqevaA9WHgh5Z7iN1uLFq8B+FQ=
-16,-9,dlZKdSzxneOy3NerlzO+bWyRN5I=,Czz/0RdlgotNPWa8Pxevep2Qt90=
-16,-8,dlZKdSzxneOy3NerlzO+bWyRN5I=,6/ERUQxUhIFwnHNc+tjeJ4CPzQs=
-16,-11,dlZKdSzxneOy3NerlzO+bWyRN5I=,8IqTLeayJc9qN2yziX5Taom9v7w=
-16,-13,dlZKdSzxneOy3NerlzO+bWyRN5I=,L4AJq3bGLDV4M439URRvRnDm4/E=
-16,-12,dlZKdSzxneOy3NerlzO+bWyRN5I=,8IqTLeayJc9qN2yziX5Taom9v7w=
-16,-10,dlZKdSzxneOy3NerlzO+bWyRN5I=,Czz/0RdlgotNPWa8Pxevep2Qt90=
-16,-14,dlZKdSzxneOy3NerlzO+bWyRN5I=,L4AJq3bGLDV4M439URRvRnDm4/E=
-16,-15,dlZKdSzxneOy3NerlzO+bWyRN5I=,gwTQdia2CSxqq/aKSnGo9ARvsQU=
-14,-16,dlZKdSzxneOy3NerlzO+bWyRN5I=,6dS/nagSDFRBv2mtHc/vuxgyWqc=
-15,-16,dlZKdSzxneOy3NerlzO+bWyRN5I=,gwTQdia2CSxqq/aKSnGo9ARvsQU=
-12,-16,dlZKdSzxneOy3NerlzO+bWyRN5I=,uAbWvWnkgXP7eXd55peHOyyiF9U=
-13,-16,dlZKdSzxneOy3NerlzO+bWyRN5I=,6dS/nagSDFRBv2mtHc/vuxgyWqc=
-6,-16,dlZKdSzxneOy3NerlzO+bWyRN5I=,N7QR1kZy2dSTsIJoldTea8YcgLk=
-7,-16,+aAMdXqwn69sDaW/pLTJLBLYsfc=,V6kxhp3z5DpnTyhjAYg3G6rM/wg=
-8,-16,+aAMdXqwn69sDaW/pLTJLBLYsfc=,V6kxhp3z5DpnTyhjAYg3G6rM/wg=
-10,-16,+aAMdXqwn69sDaW/pLTJLBLYsfc=,Gt0wUmSWUng/ac9+TjQqdtfbrlU=
-11,-16,+aAMdXqwn69sDaW/pLTJLBLYsfc=,uAbWvWnkgXP7eXd55peHOyyiF9U=
-9,-16,+aAMdXqwn69sDaW/pLTJLBLYsfc=,Gt0wUmSWUng/ac9+TjQqdtfbrlU=
-5,-16,+aAMdXqwn69sDaW/pLTJLBLYsfc=,N7QR1kZy2dSTsIJoldTea8YcgLk=
-4,-16,+aAMdXqwn69sDaW/pLTJLBLYsfc=,/EOjXbPEO/68voENv97Q+oAQpwU=
-2,-16,+aAMdXqwn69sDaW/pLTJLBLYsfc=,msKP8RtrV7G3EX96ZZrpFTRLl28=
-3,-16,+aAMdXqwn69sDaW/pLTJLBLYsfc=,/EOjXbPEO/68voENv97Q+oAQpwU=
-1,-14,+aAMdXqwn69sDaW/pLTJLBLYsfc=,7elTmVj2BeQSP8gUrd+zmF4Hr8s=
-1,-15,+aAMdXqwn69sDaW/pLTJLBLYsfc=,msKP8RtrV7G3EX96ZZrpFTRLl28=
-1,-12,+aAMdXqwn69sDaW/pLTJLBLYsfc=,4zCvXuI07i3mfFFw4+qr18l8FLg=
-1,-13,+aAMdXqwn69sDaW/pLTJLBLYsfc=,7elTmVj2BeQSP8gUrd+zmF4Hr8s=
-1,-11,+aAMdXqwn69sDaW/pLTJLBLYsfc=,4zCvXuI07i3mfFFw4+qr18l8FLg=
-1,-7,+aAMdXqwn69sDaW/pLTJLBLYsfc=,sm5O8xkGNV+L17wut3jH8r/claw=
-1,-10,+aAMdXqwn69sDaW/pLTJLBLYsfc=,XFR67i/sycvmtYm9sIVMvkGJLEI=
-1,-8,+aAMdXqwn69sDaW/pLTJLBLYsfc=,sm5O8xkGNV+L17wut3jH8r/claw=
-1,-9,+aAMdXqwn69sDaW/pLTJLBLYsfc=,XFR67i/sycvmtYm9sIVMvkGJLEI=
-1,-6,+aAMdXqwn69sDaW/pLTJLBLYsfc=,LbelQoQMbKlHvV0DLhr0uaNksOs=
-1,-3,+aAMdXqwn69sDaW/pLTJLBLYsfc=,VMNpYVhi91ekybZULwuVkSrKs+c=
-1,-4,+aAMdXqwn69sDaW/pLTJLBLYsfc=,VMNpYVhi91ekybZULwuVkSrKs+c=
-1,-5,+aAMdXqwn69sDaW/pLTJLBLYsfc=,LbelQoQMbKlHvV0DLhr0uaNksOs=
-1,-2,+aAMdXqwn69sDaW/pLTJLBLYsfc=,EbOa+J3s5GyyjDgBqLOsX3IP89I=
-1,-16,+aAMdXqwn69sDaW/pLTJLBLYsfc=,msKP8RtrV7G3EX96ZZrpFTRLl28=
-16,-16,+aAMdXqwn69sDaW/pLTJLBLYsfc=,gwTQdia2CSxqq/aKSnGo9ARvsQU=
-16,-1,+aAMdXqwn69sDaW/pLTJLBLYsfc=,2Va+Vi7UX6vwSO1S6MjREWZ+PKU=
-1,-1,RzQUJwqYyRyI11VNorrBzupiRS0=,EbOa+J3s5GyyjDgBqLOsX3IP89I=
-8,-19,ehl61jr3RGr7xk2Y0D8losqiyJE=,h683rI0OOwwWORe0LTZqlk9PMwQ=
-8,-18,ehl61jr3RGr7xk2Y0D8losqiyJE=,5gzPW838X8qXYtwQuSTsUxBtq4w=
-9,-19,ehl61jr3RGr7xk2Y0D8losqiyJE=,nuVSJlm6tgv1vIFOprsmKAq2Xo0=
-9,-18,ehl61jr3RGr7xk2Y0D8losqiyJE=,AlaJv7lE/YUhadJfrv2MBxKUNZc=
-10,-18,ustuCwuckxpL4e0M02XzLMpiXqQ=,AlaJv7lE/YUhadJfrv2MBxKUNZc=
-10,-19,ustuCwuckxpL4e0M02XzLMpiXqQ=,nuVSJlm6tgv1vIFOprsmKAq2Xo0=
-11,-18,ustuCwuckxpL4e0M02XzLMpiXqQ=,XMHvueo14UzGZiqLoe/9F/la7wM=
-11,-19,ustuCwuckxpL4e0M02XzLMpiXqQ=,X2fPMKN/K/b/c8NjaawTHRh4rzY=
-13,-19,ustuCwuckxpL4e0M02XzLMpiXqQ=,8ciFcF12s9/i8hBSCNhj8Dnk8y4=
-12,-19,ustuCwuckxpL4e0M02XzLMpiXqQ=,X2fPMKN/K/b/c8NjaawTHRh4rzY=
-12,-18,ustuCwuckxpL4e0M02XzLMpiXqQ=,XMHvueo14UzGZiqLoe/9F/la7wM=
-13,-18,ustuCwuckxpL4e0M02XzLMpiXqQ=,7bpQPkMCvPBqj4nw1ON12qlPpHk=
-16,-19,ORdew94YWjk0Wu2QFTV2HhHLvFg=,Br9+CAwScEkw5qQl4saFyXhdfGE=
-15,-19,ORdew94YWjk0Wu2QFTV2HhHLvFg=,Br9+CAwScEkw5qQl4saFyXhdfGE=
-16,-18,ORdew94YWjk0Wu2QFTV2HhHLvFg=,SKjbBYHATUGpHiNpEjwctNxD5Ho=
-14,-19,ORdew94YWjk0Wu2QFTV2HhHLvFg=,8ciFcF12s9/i8hBSCNhj8Dnk8y4=
-14,-17,ORdew94YWjk0Wu2QFTV2HhHLvFg=,7bpQPkMCvPBqj4nw1ON12qlPpHk=
-15,-17,ORdew94YWjk0Wu2QFTV2HhHLvFg=,SKjbBYHATUGpHiNpEjwctNxD5Ho=
-15,-18,ORdew94YWjk0Wu2QFTV2HhHLvFg=,SKjbBYHATUGpHiNpEjwctNxD5Ho=
-14,-18,ORdew94YWjk0Wu2QFTV2HhHLvFg=,7bpQPkMCvPBqj4nw1ON12qlPpHk=
-16,-17,ORdew94YWjk0Wu2QFTV2HhHLvFg=,SKjbBYHATUGpHiNpEjwctNxD5Ho=
-2,-18,LUEzyA9iQNf4Wq/xly/tbh1GxuA=,Wa5J8Jag3ZHbleob2h5RN5ns+ug=
-3,-19,LUEzyA9iQNf4Wq/xly/tbh1GxuA=,RNEuIdD2cNZ0594xovHQLBA06gI=
-2,-19,LUEzyA9iQNf4Wq/xly/tbh1GxuA=,9+ybqzvCpOqrva63DxY6dNwjo3E=
-3,-18,LUEzyA9iQNf4Wq/xly/tbh1GxuA=,zej86NXBWOlf8n62JfJivUEGchs=
-8,-17,lRxTRKl3grION9FeUD8Ws8fe5+I=,5gzPW838X8qXYtwQuSTsUxBtq4w=
-7,-17,lRxTRKl3grION9FeUD8Ws8fe5+I=,5gzPW838X8qXYtwQuSTsUxBtq4w=
-6,-18,lRxTRKl3grION9FeUD8Ws8fe5+I=,kx32ZiCoJkTu72U/81B36LJy9pM=
-5,-19,lRxTRKl3grION9FeUD8Ws8fe5+I=,j53vXNhKKUF78yBXixbGr3xG8d0=
-6,-19,lRxTRKl3grION9FeUD8Ws8fe5+I=,j53vXNhKKUF78yBXixbGr3xG8d0=
-7,-18,lRxTRKl3grION9FeUD8Ws8fe5+I=,5gzPW838X8qXYtwQuSTsUxBtq4w=
-7,-19,lRxTRKl3grION9FeUD8Ws8fe5+I=,h683rI0OOwwWORe0LTZqlk9PMwQ=
-6,-17,lRxTRKl3grION9FeUD8Ws8fe5+I=,kx32ZiCoJkTu72U/81B36LJy9pM=
-4,-19,lRxTRKl3grION9FeUD8Ws8fe5+I=,RNEuIdD2cNZ0594xovHQLBA06gI=
-5,-18,lRxTRKl3grION9FeUD8Ws8fe5+I=,kx32ZiCoJkTu72U/81B36LJy9pM=
-4,-18,lRxTRKl3grION9FeUD8Ws8fe5+I=,zej86NXBWOlf8n62JfJivUEGchs=
-9,-17,lRxTRKl3grION9FeUD8Ws8fe5+I=,AlaJv7lE/YUhadJfrv2MBxKUNZc=
-13,-17,lRxTRKl3grION9FeUD8Ws8fe5+I=,7bpQPkMCvPBqj4nw1ON12qlPpHk=
-12,-17,lRxTRKl3grION9FeUD8Ws8fe5+I=,XMHvueo14UzGZiqLoe/9F/la7wM=
-11,-17,lRxTRKl3grION9FeUD8Ws8fe5+I=,XMHvueo14UzGZiqLoe/9F/la7wM=
-10,-17,lRxTRKl3grION9FeUD8Ws8fe5+I=,AlaJv7lE/YUhadJfrv2MBxKUNZc=
-4,-17,lRxTRKl3grION9FeUD8Ws8fe5+I=,zej86NXBWOlf8n62JfJivUEGchs=
-5,-17,8XtTki5oy4SMvCgd74fosHghUuw=,kx32ZiCoJkTu72U/81B36LJy9pM=
-3,-17,8XtTki5oy4SMvCgd74fosHghUuw=,zej86NXBWOlf8n62JfJivUEGchs=
-2,-17,8XtTki5oy4SMvCgd74fosHghUuw=,Wa5J8Jag3ZHbleob2h5RN5ns+ug=
-14,-20,8XtTki5oy4SMvCgd74fosHghUuw=,8ciFcF12s9/i8hBSCNhj8Dnk8y4=
-15,-20,8XtTki5oy4SMvCgd74fosHghUuw=,Br9+CAwScEkw5qQl4saFyXhdfGE=
-16,-20,8XtTki5oy4SMvCgd74fosHghUuw=,Br9+CAwScEkw5qQl4saFyXhdfGE=
-6,-20,8XtTki5oy4SMvCgd74fosHghUuw=,j53vXNhKKUF78yBXixbGr3xG8d0=
-7,-20,8XtTki5oy4SMvCgd74fosHghUuw=,h683rI0OOwwWORe0LTZqlk9PMwQ=
-5,-20,8XtTki5oy4SMvCgd74fosHghUuw=,j53vXNhKKUF78yBXixbGr3xG8d0=
-8,-20,8XtTki5oy4SMvCgd74fosHghUuw=,h683rI0OOwwWORe0LTZqlk9PMwQ=
-9,-20,8XtTki5oy4SMvCgd74fosHghUuw=,nuVSJlm6tgv1vIFOprsmKAq2Xo0=
-1,-20,8XtTki5oy4SMvCgd74fosHghUuw=,9+ybqzvCpOqrva63DxY6dNwjo3E=
-10,-20,8XtTki5oy4SMvCgd74fosHghUuw=,nuVSJlm6tgv1vIFOprsmKAq2Xo0=
-4,-20,8XtTki5oy4SMvCgd74fosHghUuw=,RNEuIdD2cNZ0594xovHQLBA06gI=
-1,-18,8XtTki5oy4SMvCgd74fosHghUuw=,Wa5J8Jag3ZHbleob2h5RN5ns+ug=
-3,-20,8XtTki5oy4SMvCgd74fosHghUuw=,RNEuIdD2cNZ0594xovHQLBA06gI=
-2,-20,8XtTki5oy4SMvCgd74fosHghUuw=,9+ybqzvCpOqrva63DxY6dNwjo3E=
-1,-19,8XtTki5oy4SMvCgd74fosHghUuw=,9+ybqzvCpOqrva63DxY6dNwjo3E=
-1,-17,8XtTki5oy4SMvCgd74fosHghUuw=,Wa5J8Jag3ZHbleob2h5RN5ns+ug=
-13,-20,8XtTki5oy4SMvCgd74fosHghUuw=,8ciFcF12s9/i8hBSCNhj8Dnk8y4=
-12,-20,8XtTki5oy4SMvCgd74fosHghUuw=,X2fPMKN/K/b/c8NjaawTHRh4rzY=
-11,-20,8XtTki5oy4SMvCgd74fosHghUuw=,X2fPMKN/K/b/c8NjaawTHRh4rzY=
-18,-19,QrHVkVT7v7hde3X7zr21KfNEXCg=,2sMI2N5dqClBmy04RkczOUAmmDQ=
-18,-18,QrHVkVT7v7hde3X7zr21KfNEXCg=,EIh1YMlbTYrROdj2kFwsSUfkbNY=
-19,-18,QrHVkVT7v7hde3X7zr21KfNEXCg=,4z6V0EwMfA9mYwH27lLTI/L9MxU=
-19,-19,QrHVkVT7v7hde3X7zr21KfNEXCg=,1S+X4N9BOWWDxdvVC2sPDWBIBu8=
-19,-17,QrHVkVT7v7hde3X7zr21KfNEXCg=,4z6V0EwMfA9mYwH27lLTI/L9MxU=
-17,-19,QrHVkVT7v7hde3X7zr21KfNEXCg=,2sMI2N5dqClBmy04RkczOUAmmDQ=
-18,-17,QrHVkVT7v7hde3X7zr21KfNEXCg=,EIh1YMlbTYrROdj2kFwsSUfkbNY=
-17,-18,QrHVkVT7v7hde3X7zr21KfNEXCg=,EIh1YMlbTYrROdj2kFwsSUfkbNY=
-20,-20,QrHVkVT7v7hde3X7zr21KfNEXCg=,1S+X4N9BOWWDxdvVC2sPDWBIBu8=
-20,-18,QrHVkVT7v7hde3X7zr21KfNEXCg=,4z6V0EwMfA9mYwH27lLTI/L9MxU=
-18,-20,QrHVkVT7v7hde3X7zr21KfNEXCg=,2sMI2N5dqClBmy04RkczOUAmmDQ=
-20,-17,QrHVkVT7v7hde3X7zr21KfNEXCg=,4z6V0EwMfA9mYwH27lLTI/L9MxU=
-17,-20,QrHVkVT7v7hde3X7zr21KfNEXCg=,2sMI2N5dqClBmy04RkczOUAmmDQ=
-19,-20,QrHVkVT7v7hde3X7zr21KfNEXCg=,1S+X4N9BOWWDxdvVC2sPDWBIBu8=
-20,-19,QrHVkVT7v7hde3X7zr21KfNEXCg=,1S+X4N9BOWWDxdvVC2sPDWBIBu8=
-17,-17,QrHVkVT7v7hde3X7zr21KfNEXCg=,EIh1YMlbTYrROdj2kFwsSUfkbNY=
-18,-14,mwUhEVIXB5N89kJ+PFlPHY+6/NE=,BbiD3v4gu6TvEFLhcsq8UtgmtlU=
-19,-14,mwUhEVIXB5N89kJ+PFlPHY+6/NE=,Ne+P82oPKOXcODcRVsyW1h74Vm8=
-18,-15,mwUhEVIXB5N89kJ+PFlPHY+6/NE=,AEfFeO7n6lExy1mTtYRzlSiuXIc=
-19,-15,mwUhEVIXB5N89kJ+PFlPHY+6/NE=,Inh+JXFWRLIqVwNbcf1ZCA3M4LQ=
-18,-13,UMAfvKr7VTC0lgDRN4xrYSl7+ns=,BbiD3v4gu6TvEFLhcsq8UtgmtlU=
-19,-13,UMAfvKr7VTC0lgDRN4xrYSl7+ns=,Ne+P82oPKOXcODcRVsyW1h74Vm8=
-19,-12,UMAfvKr7VTC0lgDRN4xrYSl7+ns=,MTxGVSjdehSS1Iq2ewX59v60yWw=
-18,-12,UMAfvKr7VTC0lgDRN4xrYSl7+ns=,HA8IuB6ssSwRuTWcPLrUSQ6pV7E=
-19,-10,UMAfvKr7VTC0lgDRN4xrYSl7+ns=,hsHt5LUdyx9T6mnt/e+V777d60A=
-18,-10,UMAfvKr7VTC0lgDRN4xrYSl7+ns=,goMmHJb8VhS041GC4AmlfPikXHs=
-18,-11,UMAfvKr7VTC0lgDRN4xrYSl7+ns=,HA8IuB6ssSwRuTWcPLrUSQ6pV7E=
-19,-11,UMAfvKr7VTC0lgDRN4xrYSl7+ns=,MTxGVSjdehSS1Iq2ewX59v60yWw=
-19,-8,p45wIHTdtnluenqs1JYX3j5Z4M0=,yQ5gnhWZayPjPyMJByjDgVxX/n4=
-19,-9,p45wIHTdtnluenqs1JYX3j5Z4M0=,hsHt5LUdyx9T6mnt/e+V777d60A=
-19,-7,p45wIHTdtnluenqs1JYX3j5Z4M0=,yQ5gnhWZayPjPyMJByjDgVxX/n4=
-19,-6,p45wIHTdtnluenqs1JYX3j5Z4M0=,AyC81y6zXFqAi+jruzBta5Mww5I=
-18,-9,p45wIHTdtnluenqs1JYX3j5Z4M0=,goMmHJb8VhS041GC4AmlfPikXHs=
-18,-7,p45wIHTdtnluenqs1JYX3j5Z4M0=,gWllhQxUQHrSrhihILke/1wR0Sw=
-18,-6,p45wIHTdtnluenqs1JYX3j5Z4M0=,NYN8C1gXytCaVO0A4N1Nym4qxBs=
-18,-8,p45wIHTdtnluenqs1JYX3j5Z4M0=,gWllhQxUQHrSrhihILke/1wR0Sw=
-19,-5,XuCPIoRoEPrkKM7Z/ilun9LPLhc=,AyC81y6zXFqAi+jruzBta5Mww5I=
-18,-5,XuCPIoRoEPrkKM7Z/ilun9LPLhc=,NYN8C1gXytCaVO0A4N1Nym4qxBs=
-18,-4,XuCPIoRoEPrkKM7Z/ilun9LPLhc=,i2IHFYvwSPNqxuUGGR12ZQRb//8=
-18,-2,XuCPIoRoEPrkKM7Z/ilun9LPLhc=,KyGSkwGfpqgozrUZdG4ry5rsuuc=
-19,-2,XuCPIoRoEPrkKM7Z/ilun9LPLhc=,Ya+GYrAcJGUkRvd1mz0dq8eyFMo=
-19,-4,XuCPIoRoEPrkKM7Z/ilun9LPLhc=,p4OO0v7N/la4v+WdWM5iI+J65fs=
-18,-3,XuCPIoRoEPrkKM7Z/ilun9LPLhc=,i2IHFYvwSPNqxuUGGR12ZQRb//8=
-19,-3,XuCPIoRoEPrkKM7Z/ilun9LPLhc=,p4OO0v7N/la4v+WdWM5iI+J65fs=
-19,-1,TEigQJmbvgJdqSE9z4H8XtRkFlY=,Ya+GYrAcJGUkRvd1mz0dq8eyFMo=
-17,-2,TEigQJmbvgJdqSE9z4H8XtRkFlY=,KyGSkwGfpqgozrUZdG4ry5rsuuc=
-18,-1,TEigQJmbvgJdqSE9z4H8XtRkFlY=,KyGSkwGfpqgozrUZdG4ry5rsuuc=
-17,-3,TEigQJmbvgJdqSE9z4H8XtRkFlY=,i2IHFYvwSPNqxuUGGR12ZQRb//8=
-17,-7,TEigQJmbvgJdqSE9z4H8XtRkFlY=,gWllhQxUQHrSrhihILke/1wR0Sw=
-17,-8,TEigQJmbvgJdqSE9z4H8XtRkFlY=,gWllhQxUQHrSrhihILke/1wR0Sw=
-17,-9,TEigQJmbvgJdqSE9z4H8XtRkFlY=,goMmHJb8VhS041GC4AmlfPikXHs=
-17,-4,91sxgLvfm10JSMb3PNITFoZHxoo=,i2IHFYvwSPNqxuUGGR12ZQRb//8=
-17,-5,91sxgLvfm10JSMb3PNITFoZHxoo=,NYN8C1gXytCaVO0A4N1Nym4qxBs=
-17,-6,91sxgLvfm10JSMb3PNITFoZHxoo=,NYN8C1gXytCaVO0A4N1Nym4qxBs=
-17,-10,91sxgLvfm10JSMb3PNITFoZHxoo=,goMmHJb8VhS041GC4AmlfPikXHs=
-17,-13,91sxgLvfm10JSMb3PNITFoZHxoo=,BbiD3v4gu6TvEFLhcsq8UtgmtlU=
-17,-11,91sxgLvfm10JSMb3PNITFoZHxoo=,HA8IuB6ssSwRuTWcPLrUSQ6pV7E=
-18,-16,91sxgLvfm10JSMb3PNITFoZHxoo=,AEfFeO7n6lExy1mTtYRzlSiuXIc=
-17,-14,91sxgLvfm10JSMb3PNITFoZHxoo=,BbiD3v4gu6TvEFLhcsq8UtgmtlU=
-19,-16,91sxgLvfm10JSMb3PNITFoZHxoo=,Inh+JXFWRLIqVwNbcf1ZCA3M4LQ=
-17,-12,91sxgLvfm10JSMb3PNITFoZHxoo=,HA8IuB6ssSwRuTWcPLrUSQ6pV7E=
-20,-13,91sxgLvfm10JSMb3PNITFoZHxoo=,Ne+P82oPKOXcODcRVsyW1h74Vm8=
-20,-1,91sxgLvfm10JSMb3PNITFoZHxoo=,Ya+GYrAcJGUkRvd1mz0dq8eyFMo=
-17,-15,91sxgLvfm10JSMb3PNITFoZHxoo=,AEfFeO7n6lExy1mTtYRzlSiuXIc=
-20,-12,91sxgLvfm10JSMb3PNITFoZHxoo=,MTxGVSjdehSS1Iq2ewX59v60yWw=
-17,-16,91sxgLvfm10JSMb3PNITFoZHxoo=,AEfFeO7n6lExy1mTtYRzlSiuXIc=
-20,-7,91sxgLvfm10JSMb3PNITFoZHxoo=,yQ5gnhWZayPjPyMJByjDgVxX/n4=
-20,-4,91sxgLvfm10JSMb3PNITFoZHxoo=,p4OO0v7N/la4v+WdWM5iI+J65fs=
-20,-5,91sxgLvfm10JSMb3PNITFoZHxoo=,AyC81y6zXFqAi+jruzBta5Mww5I=
-20,-16,91sxgLvfm10JSMb3PNITFoZHxoo=,Inh+JXFWRLIqVwNbcf1ZCA3M4LQ=
-20,-14,91sxgLvfm10JSMb3PNITFoZHxoo=,Ne+P82oPKOXcODcRVsyW1h74Vm8=
-20,-6,91sxgLvfm10JSMb3PNITFoZHxoo=,AyC81y6zXFqAi+jruzBta5Mww5I=
-20,-2,91sxgLvfm10JSMb3PNITFoZHxoo=,Ya+GYrAcJGUkRvd1mz0dq8eyFMo=
-20,-15,91sxgLvfm10JSMb3PNITFoZHxoo=,Inh+JXFWRLIqVwNbcf1ZCA3M4LQ=
-20,-3,91sxgLvfm10JSMb3PNITFoZHxoo=,p4OO0v7N/la4v+WdWM5iI+J65fs=
-20,-11,91sxgLvfm10JSMb3PNITFoZHxoo=,MTxGVSjdehSS1Iq2ewX59v60yWw=
-17,-1,91sxgLvfm10JSMb3PNITFoZHxoo=,KyGSkwGfpqgozrUZdG4ry5rsuuc=
-20,-8,91sxgLvfm10JSMb3PNITFoZHxoo=,yQ5gnhWZayPjPyMJByjDgVxX/n4=
-20,-9,91sxgLvfm10JSMb3PNITFoZHxoo=,hsHt5LUdyx9T6mnt/e+V777d60A=
-20,-10,91sxgLvfm10JSMb3PNITFoZHxoo=,hsHt5LUdyx9T6mnt/e+V777d60A=
