2,2,aFQiX2qyuM5QVB24PPbS+EKqMq8=,JxdkQV72bnjLz6XBdvrc0bgI20g=
2,1,aFQiX2qyuM5QVB24PPbS+EKqMq8=,cnn8hjB4+gq8pW5kCowrcpmNEaM=
1,2,aFQiX2qyuM5QVB24PPbS+EKqMq8=,/+MwikPHxE/vkfgjcGmAovcJ8cM=
1,1,aFQiX2qyuM5QVB24PPbS+EKqMq8=,BpRZzNh9WnFzjeY7YjvLEx+aE9Y=
2,3,zEJznaXN8XnmMsUtpZzQeRdnovY=,JxdkQV72bnjLz6XBdvrc0bgI20g=
2,4,zEJznaXN8XnmMsUtpZzQeRdnovY=,1WXYPUGNysAsksdmotbRmPLRXZI=
1,3,zEJznaXN8XnmMsUtpZzQeRdnovY=,/+MwikPHxE/vkfgjcGmAovcJ8cM=
1,4,zEJznaXN8XnmMsUtpZzQeRdnovY=,IUIRH/LmBl0BO+pa5WLA5H4IJOc=
2,5,zEJznaXN8XnmMsUtpZzQeRdnovY=,1WXYPUGNysAsksdmotbRmPLRXZI=
2,6,zEJznaXN8XnmMsUtpZzQeRdnovY=,EMbqECKlT7euHDFUk6EFMyde2pQ=
1,6,NkSnOBXWbeGRICvjBwemwFZ9eQk=,ThCbRM7uLj/8yVqj4OmxI09MeIQ=
1,5,NkSnOBXWbeGRICvjBwemwFZ9eQk=,IUIRH/LmBl0BO+pa5WLA5H4IJOc=
1,7,NkSnOBXWbeGRICvjBwemwFZ9eQk=,ThCbRM7uLj/8yVqj4OmxI09MeIQ=
2,8,NkSnOBXWbeGRICvjBwemwFZ9eQk=,HSjZstOpXzEYL2EqDqBBGbnWGV0=
2,7,NkSnOBXWbeGRICvjBwemwFZ9eQk=,EMbqECKlT7euHDFUk6EFMyde2pQ=
1,8,NkSnOBXWbeGRICvjBwemwFZ9eQk=,yRVa2MA+exxjIsyqeRq4JQ+s0KA=
1,10,D6evpvVeZIWplyl0zOr3A0sDfvw=,JuyDBLHSeC2WFmX+GvGwVaUt0EY=
2,10,D6evpvVeZIWplyl0zOr3A0sDfvw=,SY+WyJkWR24dKTadwRClI5OvEHY=
2,9,D6evpvVeZIWplyl0zOr3A0sDfvw=,HSjZstOpXzEYL2EqDqBBGbnWGV0=
1,9,D6evpvVeZIWplyl0zOr3A0sDfvw=,yRVa2MA+exxjIsyqeRq4JQ+s0KA=
2,12,D6evpvVeZIWplyl0zOr3A0sDfvw=,CTSeT1XGSxNfnmWI8KW1J4nte/I=
1,12,D6evpvVeZIWplyl0zOr3A0sDfvw=,N4rTU9W1ztlAk6dBHP9MXnbbcCY=
2,11,D6evpvVeZIWplyl0zOr3A0sDfvw=,SY+WyJkWR24dKTadwRClI5OvEHY=
1,11,D6evpvVeZIWplyl0zOr3A0sDfvw=,JuyDBLHSeC2WFmX+GvGwVaUt0EY=
2,13,/bftrOAWXi8GZ3VYDzFRJ913eZ4=,CTSeT1XGSxNfnmWI8KW1J4nte/I=
1,13,/bftrOAWXi8GZ3VYDzFRJ913eZ4=,N4rTU9W1ztlAk6dBHP9MXnbbcCY=
1,14,/bftrOAWXi8GZ3VYDzFRJ913eZ4=,2lgJ8QF+n4mFNym5q7yqDIQYGXA=
2,14,/bftrOAWXi8GZ3VYDzFRJ913eZ4=,wKoA2SG9rNcP0NNKfx0/pTbVfCE=
4,14,1V/xVl81XiD2XxrPldYeqG1BQBg=,wKoA2SG9rNcP0NNKfx0/pTbVfCE=
3,14,1V/xVl81XiD2XxrPldYeqG1BQBg=,wKoA2SG9rNcP0NNKfx0/pTbVfCE=
3,13,1V/xVl81XiD2XxrPldYeqG1BQBg=,CTSeT1XGSxNfnmWI8KW1J4nte/I=
4,13,1V/xVl81XiD2XxrPldYeqG1BQBg=,ItimsU486f3t0ApQ6EREowp5tug=
3,11,1V/xVl81XiD2XxrPldYeqG1BQBg=,SY+WyJkWR24dKTadwRClI5OvEHY=
4,11,1V/xVl81XiD2XxrPldYeqG1BQBg=,64Z3VKeyonKlBH9in3+VLXUQGfo=
4,12,1V/xVl81XiD2XxrPldYeqG1BQBg=,ItimsU486f3t0ApQ6EREowp5tug=
3,12,1V/xVl81XiD2XxrPldYeqG1BQBg=,CTSeT1XGSxNfnmWI8KW1J4nte/I=
3,10,1V/xVl81XiD2XxrPldYeqG1BQBg=,SY+WyJkWR24dKTadwRClI5OvEHY=
4,10,1V/xVl81XiD2XxrPldYeqG1BQBg=,64Z3VKeyonKlBH9in3+VLXUQGfo=
3,9,1V/xVl81XiD2XxrPldYeqG1BQBg=,HSjZstOpXzEYL2EqDqBBGbnWGV0=
4,9,1V/xVl81XiD2XxrPldYeqG1BQBg=,Rp6DKA0NQeD56bL22lrzqfTzr8w=
4,6,8zuOWxXZpminm/tVJ1JL4KyGFx4=,hlzhMj8Sfw6A0sYlrEHiEYVzSQA=
3,6,8zuOWxXZpminm/tVJ1JL4KyGFx4=,EMbqECKlT7euHDFUk6EFMyde2pQ=
4,8,8zuOWxXZpminm/tVJ1JL4KyGFx4=,Rp6DKA0NQeD56bL22lrzqfTzr8w=
3,5,8zuOWxXZpminm/tVJ1JL4KyGFx4=,1WXYPUGNysAsksdmotbRmPLRXZI=
3,8,8zuOWxXZpminm/tVJ1JL4KyGFx4=,HSjZstOpXzEYL2EqDqBBGbnWGV0=
3,7,8zuOWxXZpminm/tVJ1JL4KyGFx4=,EMbqECKlT7euHDFUk6EFMyde2pQ=
4,7,8zuOWxXZpminm/tVJ1JL4KyGFx4=,hlzhMj8Sfw6A0sYlrEHiEYVzSQA=
4,5,8zuOWxXZpminm/tVJ1JL4KyGFx4=,JKmM9iepS/eBM82uplId88Ey3W4=
3,4,3d7KwPSxAIt9UeYBw1b8s5nr+xQ=,1WXYPUGNysAsksdmotbRmPLRXZI=
3,3,3d7KwPSxAIt9UeYBw1b8s5nr+xQ=,JxdkQV72bnjLz6XBdvrc0bgI20g=
4,3,3d7KwPSxAIt9UeYBw1b8s5nr+xQ=,DKyVFdXEQZboLl2GRVzTFfnC6BA=
4,4,3d7KwPSxAIt9UeYBw1b8s5nr+xQ=,JKmM9iepS/eBM82uplId88Ey3W4=
4,2,3d7KwPSxAIt9UeYBw1b8s5nr+xQ=,DKyVFdXEQZboLl2GRVzTFfnC6BA=
3,2,3d7KwPSxAIt9UeYBw1b8s5nr+xQ=,JxdkQV72bnjLz6XBdvrc0bgI20g=
3,1,3d7KwPSxAIt9UeYBw1b8s5nr+xQ=,cnn8hjB4+gq8pW5kCowrcpmNEaM=
4,1,3d7KwPSxAIt9UeYBw1b8s5nr+xQ=,x66ty+awMmItmu0pUU0cOpjoYQk=
5,3,p2105We8g/11N7Dg0ktH5R1vXU0=,DKyVFdXEQZboLl2GRVzTFfnC6BA=
5,4,p2105We8g/11N7Dg0ktH5R1vXU0=,JKmM9iepS/eBM82uplId88Ey3W4=
6,3,p2105We8g/11N7Dg0ktH5R1vXU0=,UaHI1ioRLEwO8dMHLYhgXo7IDsc=
6,4,p2105We8g/11N7Dg0ktH5R1vXU0=,duVuQu5QaHWdCQ3IiDRjtNylTco=
6,1,p2105We8g/11N7Dg0ktH5R1vXU0=,BngaEdHVrMQRAdxHVxeq9a3R5h4=
5,1,p2105We8g/11N7Dg0ktH5R1vXU0=,x66ty+awMmItmu0pUU0cOpjoYQk=
5,2,p2105We8g/11N7Dg0ktH5R1vXU0=,DKyVFdXEQZboLl2GRVzTFfnC6BA=
6,2,p2105We8g/11N7Dg0ktH5R1vXU0=,UaHI1ioRLEwO8dMHLYhgXo7IDsc=
6,5,p2105We8g/11N7Dg0ktH5R1vXU0=,duVuQu5QaHWdCQ3IiDRjtNylTco=
5,6,p2105We8g/11N7Dg0ktH5R1vXU0=,hlzhMj8Sfw6A0sYlrEHiEYVzSQA=
5,5,p2105We8g/11N7Dg0ktH5R1vXU0=,JKmM9iepS/eBM82uplId88Ey3W4=
6,6,p2105We8g/11N7Dg0ktH5R1vXU0=,8E+BwazdSZxHJk6Ls8B6ERG6B2M=
5,10,fxDpSgzJCD4Vh4zI1BrI2uAX6k0=,64Z3VKeyonKlBH9in3+VLXUQGfo=
6,8,fxDpSgzJCD4Vh4zI1BrI2uAX6k0=,21/mx6qaXE7ceckuubZMPD7HyAM=
6,7,fxDpSgzJCD4Vh4zI1BrI2uAX6k0=,8E+BwazdSZxHJk6Ls8B6ERG6B2M=
5,8,fxDpSgzJCD4Vh4zI1BrI2uAX6k0=,Rp6DKA0NQeD56bL22lrzqfTzr8w=
5,7,fxDpSgzJCD4Vh4zI1BrI2uAX6k0=,hlzhMj8Sfw6A0sYlrEHiEYVzSQA=
6,9,fxDpSgzJCD4Vh4zI1BrI2uAX6k0=,21/mx6qaXE7ceckuubZMPD7HyAM=
6,10,fxDpSgzJCD4Vh4zI1BrI2uAX6k0=,mW6d1mAOcE00sR7/5yIs8HaFxmk=
5,9,fxDpSgzJCD4Vh4zI1BrI2uAX6k0=,Rp6DKA0NQeD56bL22lrzqfTzr8w=
6,12,fxDpSgzJCD4Vh4zI1BrI2uAX6k0=,4mBE3ZcfkLSEJth19saJxVvaumU=
5,12,fxDpSgzJCD4Vh4zI1BrI2uAX6k0=,ItimsU486f3t0ApQ6EREowp5tug=
5,11,fxDpSgzJCD4Vh4zI1BrI2uAX6k0=,64Z3VKeyonKlBH9in3+VLXUQGfo=
6,11,fxDpSgzJCD4Vh4zI1BrI2uAX6k0=,mW6d1mAOcE00sR7/5yIs8HaFxmk=
6,14,fxDpSgzJCD4Vh4zI1BrI2uAX6k0=,9mJ4RdT8p3hXs6QNwT13QdCKNRk=
6,13,fxDpSgzJCD4Vh4zI1BrI2uAX6k0=,4mBE3ZcfkLSEJth19saJxVvaumU=
5,14,fxDpSgzJCD4Vh4zI1BrI2uAX6k0=,wKoA2SG9rNcP0NNKfx0/pTbVfCE=
5,13,fxDpSgzJCD4Vh4zI1BrI2uAX6k0=,ItimsU486f3t0ApQ6EREowp5tug=
8,9,CV6XI4H35ieTTw4wKiY9tfB1aWc=,yGAUXa8dsRJA/QP5+T+Yy37QU+U=
8,10,CV6XI4H35ieTTw4wKiY9tfB1aWc=,2fs+rgv71/WrirBjRcraI6og/TI=
7,9,CV6XI4H35ieTTw4wKiY9tfB1aWc=,21/mx6qaXE7ceckuubZMPD7HyAM=
7,10,CV6XI4H35ieTTw4wKiY9tfB1aWc=,mW6d1mAOcE00sR7/5yIs8HaFxmk=
8,12,CV6XI4H35ieTTw4wKiY9tfB1aWc=,sPvUCe7PY4jcciknQp/Gon9G0Ec=
7,12,CV6XI4H35ieTTw4wKiY9tfB1aWc=,4mBE3ZcfkLSEJth19saJxVvaumU=
7,11,CV6XI4H35ieTTw4wKiY9tfB1aWc=,mW6d1mAOcE00sR7/5yIs8HaFxmk=
8,11,CV6XI4H35ieTTw4wKiY9tfB1aWc=,2fs+rgv71/WrirBjRcraI6og/TI=
8,14,0MjFUoLY3ijc33GoSiN9uI+7gvY=,oNPrRZsy6WazVqnr0xj8ynI7Nds=
7,14,0MjFUoLY3ijc33GoSiN9uI+7gvY=,9mJ4RdT8p3hXs6QNwT13QdCKNRk=
8,13,0MjFUoLY3ijc33GoSiN9uI+7gvY=,sPvUCe7PY4jcciknQp/Gon9G0Ec=
7,13,0MjFUoLY3ijc33GoSiN9uI+7gvY=,4mBE3ZcfkLSEJth19saJxVvaumU=
8,8,0MjFUoLY3ijc33GoSiN9uI+7gvY=,yGAUXa8dsRJA/QP5+T+Yy37QU+U=
8,7,0MjFUoLY3ijc33GoSiN9uI+7gvY=,9Knqaa3sZ2uG3QUpPThn0jNutUM=
7,8,0MjFUoLY3ijc33GoSiN9uI+7gvY=,21/mx6qaXE7ceckuubZMPD7HyAM=
7,7,0MjFUoLY3ijc33GoSiN9uI+7gvY=,8E+BwazdSZxHJk6Ls8B6ERG6B2M=
8,5,0MjFUoLY3ijc33GoSiN9uI+7gvY=,Az/K4OKM+zJB8FWFXUdVwyr/pNw=
7,5,0MjFUoLY3ijc33GoSiN9uI+7gvY=,duVuQu5QaHWdCQ3IiDRjtNylTco=
7,6,NXnCsN6eNf5iF4/fEUME5r+1kNI=,8E+BwazdSZxHJk6Ls8B6ERG6B2M=
8,6,NXnCsN6eNf5iF4/fEUME5r+1kNI=,9Knqaa3sZ2uG3QUpPThn0jNutUM=
7,4,NXnCsN6eNf5iF4/fEUME5r+1kNI=,duVuQu5QaHWdCQ3IiDRjtNylTco=
7,3,NXnCsN6eNf5iF4/fEUME5r+1kNI=,UaHI1ioRLEwO8dMHLYhgXo7IDsc=
8,3,NXnCsN6eNf5iF4/fEUME5r+1kNI=,nWm7NmmvIpcp1N/ZxwelA219mL4=
8,4,NXnCsN6eNf5iF4/fEUME5r+1kNI=,Az/K4OKM+zJB8FWFXUdVwyr/pNw=
7,1,NXnCsN6eNf5iF4/fEUME5r+1kNI=,BngaEdHVrMQRAdxHVxeq9a3R5h4=
8,1,NXnCsN6eNf5iF4/fEUME5r+1kNI=,pcawlaaHm1JHUgZzkEj6eZGe0BI=
7,2,NXnCsN6eNf5iF4/fEUME5r+1kNI=,UaHI1ioRLEwO8dMHLYhgXo7IDsc=
8,2,NXnCsN6eNf5iF4/fEUME5r+1kNI=,nWm7NmmvIpcp1N/ZxwelA219mL4=
10,5,JlichcLQe0qZ7jtEz8looqHT3yo=,10LiKzvmuVM2OXS0FaybY4zJ3V8=
9,5,JlichcLQe0qZ7jtEz8looqHT3yo=,Az/K4OKM+zJB8FWFXUdVwyr/pNw=
10,6,JlichcLQe0qZ7jtEz8looqHT3yo=,Fo8Sk20GtGHX3fPlHitG22uEv7M=
9,6,JlichcLQe0qZ7jtEz8looqHT3yo=,9Knqaa3sZ2uG3QUpPThn0jNutUM=
9,3,tGObhSI7OlrDr0A3YRPnv/PRtvE=,nWm7NmmvIpcp1N/ZxwelA219mL4=
9,4,tGObhSI7OlrDr0A3YRPnv/PRtvE=,Az/K4OKM+zJB8FWFXUdVwyr/pNw=
10,3,tGObhSI7OlrDr0A3YRPnv/PRtvE=,vQBL46Lr7Wgii3aseWYSzLQWbBc=
10,4,tGObhSI7OlrDr0A3YRPnv/PRtvE=,10LiKzvmuVM2OXS0FaybY4zJ3V8=
9,1,tGObhSI7OlrDr0A3YRPnv/PRtvE=,pcawlaaHm1JHUgZzkEj6eZGe0BI=
10,1,tGObhSI7OlrDr0A3YRPnv/PRtvE=,7AgRlyF9lPP9lG4aePYifcypKwc=
9,2,tGObhSI7OlrDr0A3YRPnv/PRtvE=,nWm7NmmvIpcp1N/ZxwelA219mL4=
10,2,tGObhSI7OlrDr0A3YRPnv/PRtvE=,vQBL46Lr7Wgii3aseWYSzLQWbBc=
9,8,LpoRjGKpbkxT/wSCz7JATZqK9Oo=,yGAUXa8dsRJA/QP5+T+Yy37QU+U=
9,7,LpoRjGKpbkxT/wSCz7JATZqK9Oo=,9Knqaa3sZ2uG3QUpPThn0jNutUM=
10,8,LpoRjGKpbkxT/wSCz7JATZqK9Oo=,GLJXSX21VWgEOF2HGUmpjxuqZ3U=
10,7,LpoRjGKpbkxT/wSCz7JATZqK9Oo=,Fo8Sk20GtGHX3fPlHitG22uEv7M=
10,10,LpoRjGKpbkxT/wSCz7JATZqK9Oo=,PreFM1IbvSqVn4PBIK8U4OastNg=
9,10,LpoRjGKpbkxT/wSCz7JATZqK9Oo=,2fs+rgv71/WrirBjRcraI6og/TI=
10,9,LpoRjGKpbkxT/wSCz7JATZqK9Oo=,GLJXSX21VWgEOF2HGUmpjxuqZ3U=
9,9,LpoRjGKpbkxT/wSCz7JATZqK9Oo=,yGAUXa8dsRJA/QP5+T+Yy37QU+U=
9,12,LpoRjGKpbkxT/wSCz7JATZqK9Oo=,sPvUCe7PY4jcciknQp/Gon9G0Ec=
10,11,LpoRjGKpbkxT/wSCz7JATZqK9Oo=,PreFM1IbvSqVn4PBIK8U4OastNg=
9,11,LpoRjGKpbkxT/wSCz7JATZqK9Oo=,2fs+rgv71/WrirBjRcraI6og/TI=
10,12,LpoRjGKpbkxT/wSCz7JATZqK9Oo=,gzcos69or+gJsLvLze1HSiaF9Uk=
9,14,LpoRjGKpbkxT/wSCz7JATZqK9Oo=,oNPrRZsy6WazVqnr0xj8ynI7Nds=
9,13,LpoRjGKpbkxT/wSCz7JATZqK9Oo=,sPvUCe7PY4jcciknQp/Gon9G0Ec=
10,13,LpoRjGKpbkxT/wSCz7JATZqK9Oo=,gzcos69or+gJsLvLze1HSiaF9Uk=
10,14,LpoRjGKpbkxT/wSCz7JATZqK9Oo=,iQccFh6pcrmaTFLtgzyMQ+TPWGg=
11,9,J+CK70XJu+2XVFvKDOOwUKp2JQs=,GLJXSX21VWgEOF2HGUmpjxuqZ3U=
12,10,J+CK70XJu+2XVFvKDOOwUKp2JQs=,wZ+q3lbcA3heTKO69bZA9BEuK8Q=
12,9,J+CK70XJu+2XVFvKDOOwUKp2JQs=,2MTT0cl1d/++vFWK68vWyyqinug=
11,10,J+CK70XJu+2XVFvKDOOwUKp2JQs=,PreFM1IbvSqVn4PBIK8U4OastNg=
12,12,J+CK70XJu+2XVFvKDOOwUKp2JQs=,7y58793tq67xJ0uLG69imZ3XSrE=
12,11,XtmAt2t/zy93xyQrs4k+8cxOyjk=,wZ+q3lbcA3heTKO69bZA9BEuK8Q=
11,12,XtmAt2t/zy93xyQrs4k+8cxOyjk=,gzcos69or+gJsLvLze1HSiaF9Uk=
11,11,XtmAt2t/zy93xyQrs4k+8cxOyjk=,PreFM1IbvSqVn4PBIK8U4OastNg=
11,14,XtmAt2t/zy93xyQrs4k+8cxOyjk=,iQccFh6pcrmaTFLtgzyMQ+TPWGg=
12,14,XtmAt2t/zy93xyQrs4k+8cxOyjk=,S1XB9DY/I+4Ly3BzRZTwuXkK6kk=
12,13,XtmAt2t/zy93xyQrs4k+8cxOyjk=,7y58793tq67xJ0uLG69imZ3XSrE=
11,13,XtmAt2t/zy93xyQrs4k+8cxOyjk=,gzcos69or+gJsLvLze1HSiaF9Uk=
11,6,Oy2pcvTumgeIzSMH6QZ0CqXX8ic=,Fo8Sk20GtGHX3fPlHitG22uEv7M=
11,5,Oy2pcvTumgeIzSMH6QZ0CqXX8ic=,10LiKzvmuVM2OXS0FaybY4zJ3V8=
12,6,Oy2pcvTumgeIzSMH6QZ0CqXX8ic=,F13y52/sjIB7e18ePEC9hSjIay4=
12,5,Oy2pcvTumgeIzSMH6QZ0CqXX8ic=,5N/BgLP+E1JqeJkaouS0/7gp1PM=
12,7,Oy2pcvTumgeIzSMH6QZ0CqXX8ic=,F13y52/sjIB7e18ePEC9hSjIay4=
11,7,Oy2pcvTumgeIzSMH6QZ0CqXX8ic=,Fo8Sk20GtGHX3fPlHitG22uEv7M=
11,8,Oy2pcvTumgeIzSMH6QZ0CqXX8ic=,GLJXSX21VWgEOF2HGUmpjxuqZ3U=
12,8,Oy2pcvTumgeIzSMH6QZ0CqXX8ic=,2MTT0cl1d/++vFWK68vWyyqinug=
11,3,Oy2pcvTumgeIzSMH6QZ0CqXX8ic=,vQBL46Lr7Wgii3aseWYSzLQWbBc=
12,3,Oy2pcvTumgeIzSMH6QZ0CqXX8ic=,Hr7QpQVIiV9DTsZ+mE0m/WmBbZA=
11,4,Oy2pcvTumgeIzSMH6QZ0CqXX8ic=,10LiKzvmuVM2OXS0FaybY4zJ3V8=
12,4,Oy2pcvTumgeIzSMH6QZ0CqXX8ic=,5N/BgLP+E1JqeJkaouS0/7gp1PM=
11,2,Oy2pcvTumgeIzSMH6QZ0CqXX8ic=,vQBL46Lr7Wgii3aseWYSzLQWbBc=
12,2,Oy2pcvTumgeIzSMH6QZ0CqXX8ic=,Hr7QpQVIiV9DTsZ+mE0m/WmBbZA=
12,1,Oy2pcvTumgeIzSMH6QZ0CqXX8ic=,yoLIE4K5hXapAo4SaAELQgmZyts=
11,1,Oy2pcvTumgeIzSMH6QZ0CqXX8ic=,7AgRlyF9lPP9lG4aePYifcypKwc=
13,6,SHkaSDt6coHOQy2WOxS+LLhhG1Q=,F13y52/sjIB7e18ePEC9hSjIay4=
14,6,SHkaSDt6coHOQy2WOxS+LLhhG1Q=,A9fW14ie7oSaHy6RNMsBdaClIeg=
13,5,SHkaSDt6coHOQy2WOxS+LLhhG1Q=,5N/BgLP+E1JqeJkaouS0/7gp1PM=
14,5,SHkaSDt6coHOQy2WOxS+LLhhG1Q=,CyjHau2xSxm49Wekthvi3csBPWA=
13,4,SHkaSDt6coHOQy2WOxS+LLhhG1Q=,5N/BgLP+E1JqeJkaouS0/7gp1PM=
14,3,SHkaSDt6coHOQy2WOxS+LLhhG1Q=,x8Bt1Yix1ZGSxpW/JZswZsmTEEg=
14,4,SHkaSDt6coHOQy2WOxS+LLhhG1Q=,CyjHau2xSxm49Wekthvi3csBPWA=
13,3,SHkaSDt6coHOQy2WOxS+LLhhG1Q=,Hr7QpQVIiV9DTsZ+mE0m/WmBbZA=
13,2,SHkaSDt6coHOQy2WOxS+LLhhG1Q=,Hr7QpQVIiV9DTsZ+mE0m/WmBbZA=
14,2,SHkaSDt6coHOQy2WOxS+LLhhG1Q=,x8Bt1Yix1ZGSxpW/JZswZsmTEEg=
14,1,SHkaSDt6coHOQy2WOxS+LLhhG1Q=,NhV+eUCX3VmWW9Kc3wuQcPWcyts=
13,1,SHkaSDt6coHOQy2WOxS+LLhhG1Q=,yoLIE4K5hXapAo4SaAELQgmZyts=
14,7,1/surv8kScA/ezwcndk0eVgAZ8U=,A9fW14ie7oSaHy6RNMsBdaClIeg=
14,8,1/surv8kScA/ezwcndk0eVgAZ8U=,I9NE48Pv2/AGGcXYQqEc+PBqR8s=
13,7,1/surv8kScA/ezwcndk0eVgAZ8U=,F13y52/sjIB7e18ePEC9hSjIay4=
13,8,1/surv8kScA/ezwcndk0eVgAZ8U=,2MTT0cl1d/++vFWK68vWyyqinug=
14,9,1/surv8kScA/ezwcndk0eVgAZ8U=,I9NE48Pv2/AGGcXYQqEc+PBqR8s=
14,10,1/surv8kScA/ezwcndk0eVgAZ8U=,+ERipVw5ESgNCYmZiz10H8IhU5U=
13,9,1/surv8kScA/ezwcndk0eVgAZ8U=,2MTT0cl1d/++vFWK68vWyyqinug=
13,10,1/surv8kScA/ezwcndk0eVgAZ8U=,wZ+q3lbcA3heTKO69bZA9BEuK8Q=
13,12,1/surv8kScA/ezwcndk0eVgAZ8U=,7y58793tq67xJ0uLG69imZ3XSrE=
13,11,1/surv8kScA/ezwcndk0eVgAZ8U=,wZ+q3lbcA3heTKO69bZA9BEuK8Q=
14,11,1/surv8kScA/ezwcndk0eVgAZ8U=,+ERipVw5ESgNCYmZiz10H8IhU5U=
14,12,1/surv8kScA/ezwcndk0eVgAZ8U=,gvra2ISWcesY1vLCTlIJCwpw5cQ=
15,11,jr4vDKUoq8Gql0TN6GqBjj2I9zc=,+ERipVw5ESgNCYmZiz10H8IhU5U=
15,12,jr4vDKUoq8Gql0TN6GqBjj2I9zc=,gvra2ISWcesY1vLCTlIJCwpw5cQ=
13,13,jr4vDKUoq8Gql0TN6GqBjj2I9zc=,7y58793tq67xJ0uLG69imZ3XSrE=
13,14,jr4vDKUoq8Gql0TN6GqBjj2I9zc=,S1XB9DY/I+4Ly3BzRZTwuXkK6kk=
14,14,jr4vDKUoq8Gql0TN6GqBjj2I9zc=,ZBzhJEH/kz1Ejb1obczW2rxuD4s=
14,13,jr4vDKUoq8Gql0TN6GqBjj2I9zc=,gvra2ISWcesY1vLCTlIJCwpw5cQ=
15,14,jr4vDKUoq8Gql0TN6GqBjj2I9zc=,ZBzhJEH/kz1Ejb1obczW2rxuD4s=
15,13,jr4vDKUoq8Gql0TN6GqBjj2I9zc=,gvra2ISWcesY1vLCTlIJCwpw5cQ=
11,15,jr4vDKUoq8Gql0TN6GqBjj2I9zc=,iQccFh6pcrmaTFLtgzyMQ+TPWGg=
12,15,jr4vDKUoq8Gql0TN6GqBjj2I9zc=,S1XB9DY/I+4Ly3BzRZTwuXkK6kk=
14,15,jr4vDKUoq8Gql0TN6GqBjj2I9zc=,ZBzhJEH/kz1Ejb1obczW2rxuD4s=
13,15,jr4vDKUoq8Gql0TN6GqBjj2I9zc=,S1XB9DY/I+4Ly3BzRZTwuXkK6kk=
10,15,jr4vDKUoq8Gql0TN6GqBjj2I9zc=,iQccFh6pcrmaTFLtgzyMQ+TPWGg=
9,15,jr4vDKUoq8Gql0TN6GqBjj2I9zc=,oNPrRZsy6WazVqnr0xj8ynI7Nds=
5,15,jr4vDKUoq8Gql0TN6GqBjj2I9zc=,wKoA2SG9rNcP0NNKfx0/pTbVfCE=
7,15,jr4vDKUoq8Gql0TN6GqBjj2I9zc=,9mJ4RdT8p3hXs6QNwT13QdCKNRk=
6,15,jr4vDKUoq8Gql0TN6GqBjj2I9zc=,9mJ4RdT8p3hXs6QNwT13QdCKNRk=
8,15,jr4vDKUoq8Gql0TN6GqBjj2I9zc=,oNPrRZsy6WazVqnr0xj8ynI7Nds=
4,15,jr4vDKUoq8Gql0TN6GqBjj2I9zc=,wKoA2SG9rNcP0NNKfx0/pTbVfCE=
3,15,jr4vDKUoq8Gql0TN6GqBjj2I9zc=,wKoA2SG9rNcP0NNKfx0/pTbVfCE=
1,15,cB1PaEERbjQOJu59Gzb4Ugo3480=,2lgJ8QF+n4mFNym5q7yqDIQYGXA=
2,15,cB1PaEERbjQOJu59Gzb4Ugo3480=,wKoA2SG9rNcP0NNKfx0/pTbVfCE=
0,14,cB1PaEERbjQOJu59Gzb4Ugo3480=,2lgJ8QF+n4mFNym5q7yqDIQYGXA=
0,12,cB1PaEERbjQOJu59Gzb4Ugo3480=,N4rTU9W1ztlAk6dBHP9MXnbbcCY=
0,13,cB1PaEERbjQOJu59Gzb4Ugo3480=,N4rTU9W1ztlAk6dBHP9MXnbbcCY=
0,11,cB1PaEERbjQOJu59Gzb4Ugo3480=,JuyDBLHSeC2WFmX+GvGwVaUt0EY=
0,10,cB1PaEERbjQOJu59Gzb4Ugo3480=,JuyDBLHSeC2WFmX+GvGwVaUt0EY=
0,9,cB1PaEERbjQOJu59Gzb4Ugo3480=,yRVa2MA+exxjIsyqeRq4JQ+s0KA=
0,5,cB1PaEERbjQOJu59Gzb4Ugo3480=,IUIRH/LmBl0BO+pa5WLA5H4IJOc=
0,6,cB1PaEERbjQOJu59Gzb4Ugo3480=,ThCbRM7uLj/8yVqj4OmxI09MeIQ=
0,8,cB1PaEERbjQOJu59Gzb4Ugo3480=,yRVa2MA+exxjIsyqeRq4JQ+s0KA=
0,7,cB1PaEERbjQOJu59Gzb4Ugo3480=,ThCbRM7uLj/8yVqj4OmxI09MeIQ=
0,3,cB1PaEERbjQOJu59Gzb4Ugo3480=,/+MwikPHxE/vkfgjcGmAovcJ8cM=
0,4,cB1PaEERbjQOJu59Gzb4Ugo3480=,IUIRH/LmBl0BO+pa5WLA5H4IJOc=
0,1,cB1PaEERbjQOJu59Gzb4Ugo3480=,BpRZzNh9WnFzjeY7YjvLEx+aE9Y=
0,0,cB1PaEERbjQOJu59Gzb4Ugo3480=,BpRZzNh9WnFzjeY7YjvLEx+aE9Y=
2,0,cB1PaEERbjQOJu59Gzb4Ugo3480=,cnn8hjB4+gq8pW5kCowrcpmNEaM=
0,2,cB1PaEERbjQOJu59Gzb4Ugo3480=,/+MwikPHxE/vkfgjcGmAovcJ8cM=
4,0,cB1PaEERbjQOJu59Gzb4Ugo3480=,x66ty+awMmItmu0pUU0cOpjoYQk=
3,0,cB1PaEERbjQOJu59Gzb4Ugo3480=,cnn8hjB4+gq8pW5kCowrcpmNEaM=
6,0,cB1PaEERbjQOJu59Gzb4Ugo3480=,BngaEdHVrMQRAdxHVxeq9a3R5h4=
5,0,cB1PaEERbjQOJu59Gzb4Ugo3480=,x66ty+awMmItmu0pUU0cOpjoYQk=
1,0,D6q829gyuVaXGZfoKjIglsADmfc=,BpRZzNh9WnFzjeY7YjvLEx+aE9Y=
7,0,D6q829gyuVaXGZfoKjIglsADmfc=,BngaEdHVrMQRAdxHVxeq9a3R5h4=
8,0,D6q829gyuVaXGZfoKjIglsADmfc=,pcawlaaHm1JHUgZzkEj6eZGe0BI=
10,0,D6q829gyuVaXGZfoKjIglsADmfc=,7AgRlyF9lPP9lG4aePYifcypKwc=
9,0,D6q829gyuVaXGZfoKjIglsADmfc=,pcawlaaHm1JHUgZzkEj6eZGe0BI=
12,0,D6q829gyuVaXGZfoKjIglsADmfc=,yoLIE4K5hXapAo4SaAELQgmZyts=
14,0,D6q829gyuVaXGZfoKjIglsADmfc=,NhV+eUCX3VmWW9Kc3wuQcPWcyts=
11,0,D6q829gyuVaXGZfoKjIglsADmfc=,7AgRlyF9lPP9lG4aePYifcypKwc=
13,0,D6q829gyuVaXGZfoKjIglsADmfc=,yoLIE4K5hXapAo4SaAELQgmZyts=
15,2,D6q829gyuVaXGZfoKjIglsADmfc=,x8Bt1Yix1ZGSxpW/JZswZsmTEEg=
15,1,D6q829gyuVaXGZfoKjIglsADmfc=,NhV+eUCX3VmWW9Kc3wuQcPWcyts=
15,3,D6q829gyuVaXGZfoKjIglsADmfc=,x8Bt1Yix1ZGSxpW/JZswZsmTEEg=
15,4,D6q829gyuVaXGZfoKjIglsADmfc=,CyjHau2xSxm49Wekthvi3csBPWA=
15,5,D6q829gyuVaXGZfoKjIglsADmfc=,CyjHau2xSxm49Wekthvi3csBPWA=
15,6,D6q829gyuVaXGZfoKjIglsADmfc=,A9fW14ie7oSaHy6RNMsBdaClIeg=
15,15,D6q829gyuVaXGZfoKjIglsADmfc=,ZBzhJEH/kz1Ejb1obczW2rxuD4s=
0,15,D6q829gyuVaXGZfoKjIglsADmfc=,2lgJ8QF+n4mFNym5q7yqDIQYGXA=
15,9,D6q829gyuVaXGZfoKjIglsADmfc=,I9NE48Pv2/AGGcXYQqEc+PBqR8s=
15,8,D6q829gyuVaXGZfoKjIglsADmfc=,I9NE48Pv2/AGGcXYQqEc+PBqR8s=
15,7,D6q829gyuVaXGZfoKjIglsADmfc=,A9fW14ie7oSaHy6RNMsBdaClIeg=
15,0,D6q829gyuVaXGZfoKjIglsADmfc=,NhV+eUCX3VmWW9Kc3wuQcPWcyts=
15,10,D6q829gyuVaXGZfoKjIglsADmfc=,+ERipVw5ESgNCYmZiz10H8IhU5U=
13,17,yzQ6/0LfpZpPXW8cxPspCDTXdLU=,TdKS4PagH1iFsZx2Zk1z69XhV5o=
13,18,yzQ6/0LfpZpPXW8cxPspCDTXdLU=,Q2CGRux7RscujtF16MZGE48uvBw=
14,17,yzQ6/0LfpZpPXW8cxPspCDTXdLU=,tfWCLIgxcP285k/YE6SjpgeuC5Q=
14,18,yzQ6/0LfpZpPXW8cxPspCDTXdLU=,sIpX8nDOhwUsucfxmk6qq9vQGh8=
11,17,41DYl3JdHxDtVA+wLHU3DE+LlRk=,+6EZ6a6Y9ln0cSG2h8keEeb0j/A=
12,18,41DYl3JdHxDtVA+wLHU3DE+LlRk=,Q2CGRux7RscujtF16MZGE48uvBw=
12,17,41DYl3JdHxDtVA+wLHU3DE+LlRk=,TdKS4PagH1iFsZx2Zk1z69XhV5o=
10,18,41DYl3JdHxDtVA+wLHU3DE+LlRk=,jHHknCbkX3K05bTm3AW1/KXiWdk=
11,18,41DYl3JdHxDtVA+wLHU3DE+LlRk=,jHHknCbkX3K05bTm3AW1/KXiWdk=
10,17,41DYl3JdHxDtVA+wLHU3DE+LlRk=,+6EZ6a6Y9ln0cSG2h8keEeb0j/A=
9,17,41DYl3JdHxDtVA+wLHU3DE+LlRk=,XWZe8wVrbPGWzahYoKr9TiNTaHc=
9,18,41DYl3JdHxDtVA+wLHU3DE+LlRk=,USG4XqQIRkwXIGvmZHIAaSmd9c0=
7,18,8M18d4ijmVGZwiBKJabBi8UIuKQ=,DnE5ztkPrI1Qc3Ghm/ywY974ck8=
7,17,8M18d4ijmVGZwiBKJabBi8UIuKQ=,O0LRj+rnYPC+t2HzWtr5IkN8U14=
8,18,8M18d4ijmVGZwiBKJabBi8UIuKQ=,USG4XqQIRkwXIGvmZHIAaSmd9c0=
8,17,8M18d4ijmVGZwiBKJabBi8UIuKQ=,XWZe8wVrbPGWzahYoKr9TiNTaHc=
6,17,8M18d4ijmVGZwiBKJabBi8UIuKQ=,O0LRj+rnYPC+t2HzWtr5IkN8U14=
6,18,8M18d4ijmVGZwiBKJabBi8UIuKQ=,DnE5ztkPrI1Qc3Ghm/ywY974ck8=
5,18,8M18d4ijmVGZwiBKJabBi8UIuKQ=,DnE5ztkPrI1Qc3Ghm/ywY974ck8=
5,17,8M18d4ijmVGZwiBKJabBi8UIuKQ=,sWyADdOg7W5R7/XHwJyDIVlt32s=
4,18,StuZwYoj9/B+eBTsreMiIjjcSgk=,DnE5ztkPrI1Qc3Ghm/ywY974ck8=
2,18,StuZwYoj9/B+eBTsreMiIjjcSgk=,RnLTQ9JeVpoV893OF5z4lwyRGyI=
3,18,StuZwYoj9/B+eBTsreMiIjjcSgk=,RnLTQ9JeVpoV893OF5z4lwyRGyI=
4,17,StuZwYoj9/B+eBTsreMiIjjcSgk=,sWyADdOg7W5R7/XHwJyDIVlt32s=
3,17,StuZwYoj9/B+eBTsreMiIjjcSgk=,YyvbmnAls+lcnKh45bjQygtEVLU=
2,17,StuZwYoj9/B+eBTsreMiIjjcSgk=,YyvbmnAls+lcnKh45bjQygtEVLU=
1,17,StuZwYoj9/B+eBTsreMiIjjcSgk=,PgxnaHNYovKPR2fc5oZfEj7wg38=
1,18,StuZwYoj9/B+eBTsreMiIjjcSgk=,lt/uRerBMhnG6RCOGOnv3rziW/0=
1,16,RcZV1khtv9p/PrVUgObd0mJr3Z4=,PgxnaHNYovKPR2fc5oZfEj7wg38=
2,16,RcZV1khtv9p/PrVUgObd0mJr3Z4=,YyvbmnAls+lcnKh45bjQygtEVLU=
4,16,RcZV1khtv9p/PrVUgObd0mJr3Z4=,sWyADdOg7W5R7/XHwJyDIVlt32s=
3,16,RcZV1khtv9p/PrVUgObd0mJr3Z4=,YyvbmnAls+lcnKh45bjQygtEVLU=
6,16,RcZV1khtv9p/PrVUgObd0mJr3Z4=,O0LRj+rnYPC+t2HzWtr5IkN8U14=
5,16,RcZV1khtv9p/PrVUgObd0mJr3Z4=,sWyADdOg7W5R7/XHwJyDIVlt32s=
7,16,RcZV1khtv9p/PrVUgObd0mJr3Z4=,O0LRj+rnYPC+t2HzWtr5IkN8U14=
8,16,RcZV1khtv9p/PrVUgObd0mJr3Z4=,XWZe8wVrbPGWzahYoKr9TiNTaHc=
9,16,RcZV1khtv9p/PrVUgObd0mJr3Z4=,XWZe8wVrbPGWzahYoKr9TiNTaHc=
10,16,RcZV1khtv9p/PrVUgObd0mJr3Z4=,+6EZ6a6Y9ln0cSG2h8keEeb0j/A=
12,16,RcZV1khtv9p/PrVUgObd0mJr3Z4=,TdKS4PagH1iFsZx2Zk1z69XhV5o=
11,16,RcZV1khtv9p/PrVUgObd0mJr3Z4=,+6EZ6a6Y9ln0cSG2h8keEeb0j/A=
15,16,RcZV1khtv9p/PrVUgObd0mJr3Z4=,tfWCLIgxcP285k/YE6SjpgeuC5Q=
14,16,RcZV1khtv9p/PrVUgObd0mJr3Z4=,tfWCLIgxcP285k/YE6SjpgeuC5Q=
13,16,RcZV1khtv9p/PrVUgObd0mJr3Z4=,TdKS4PagH1iFsZx2Zk1z69XhV5o=
4,19,RcZV1khtv9p/PrVUgObd0mJr3Z4=,DnE5ztkPrI1Qc3Ghm/ywY974ck8=
3,19,RcZV1khtv9p/PrVUgObd0mJr3Z4=,RnLTQ9JeVpoV893OF5z4lwyRGyI=
5,19,RcZV1khtv9p/PrVUgObd0mJr3Z4=,DnE5ztkPrI1Qc3Ghm/ywY974ck8=
6,19,RcZV1khtv9p/PrVUgObd0mJr3Z4=,DnE5ztkPrI1Qc3Ghm/ywY974ck8=
0,16,RcZV1khtv9p/PrVUgObd0mJr3Z4=,PgxnaHNYovKPR2fc5oZfEj7wg38=
1,19,RcZV1khtv9p/PrVUgObd0mJr3Z4=,lt/uRerBMhnG6RCOGOnv3rziW/0=
2,19,RcZV1khtv9p/PrVUgObd0mJr3Z4=,RnLTQ9JeVpoV893OF5z4lwyRGyI=
0,19,4D5uHm2q7uHrg1IaFwtney7yv/A=,lt/uRerBMhnG6RCOGOnv3rziW/0=
7,19,4D5uHm2q7uHrg1IaFwtney7yv/A=,DnE5ztkPrI1Qc3Ghm/ywY974ck8=
11,19,4D5uHm2q7uHrg1IaFwtney7yv/A=,jHHknCbkX3K05bTm3AW1/KXiWdk=
12,19,4D5uHm2q7uHrg1IaFwtney7yv/A=,Q2CGRux7RscujtF16MZGE48uvBw=
15,18,4D5uHm2q7uHrg1IaFwtney7yv/A=,sIpX8nDOhwUsucfxmk6qq9vQGh8=
15,17,4D5uHm2q7uHrg1IaFwtney7yv/A=,tfWCLIgxcP285k/YE6SjpgeuC5Q=
9,19,4D5uHm2q7uHrg1IaFwtney7yv/A=,USG4XqQIRkwXIGvmZHIAaSmd9c0=
0,18,4D5uHm2q7uHrg1IaFwtney7yv/A=,lt/uRerBMhnG6RCOGOnv3rziW/0=
8,19,4D5uHm2q7uHrg1IaFwtney7yv/A=,USG4XqQIRkwXIGvmZHIAaSmd9c0=
13,19,4D5uHm2q7uHrg1IaFwtney7yv/A=,Q2CGRux7RscujtF16MZGE48uvBw=
0,17,4D5uHm2q7uHrg1IaFwtney7yv/A=,PgxnaHNYovKPR2fc5oZfEj7wg38=
10,19,4D5uHm2q7uHrg1IaFwtney7yv/A=,jHHknCbkX3K05bTm3AW1/KXiWdk=
15,19,4D5uHm2q7uHrg1IaFwtney7yv/A=,sIpX8nDOhwUsucfxmk6qq9vQGh8=
14,19,4D5uHm2q7uHrg1IaFwtney7yv/A=,sIpX8nDOhwUsucfxmk6qq9vQGh8=
18,18,apFOvPq7Nv8HKRhJCYVImmnZlQ4=,2S9HetlVtQWyydxM9AUwXGOm2Ic=
18,17,apFOvPq7Nv8HKRhJCYVImmnZlQ4=,s0oprwapM51+StbOLC6PSSq/Y5A=
17,17,apFOvPq7Nv8HKRhJCYVImmnZlQ4=,/1ro/JBsToXAppNL7AbUZ5Vx7fI=
17,18,apFOvPq7Nv8HKRhJCYVImmnZlQ4=,8YU2+okyurr1TAup8V7pwcsIOy4=
18,16,vzSU3r0Z/3fSHE0ZtzFqMGvX2/o=,s0oprwapM51+StbOLC6PSSq/Y5A=
17,16,vzSU3r0Z/3fSHE0ZtzFqMGvX2/o=,/1ro/JBsToXAppNL7AbUZ5Vx7fI=
19,16,vzSU3r0Z/3fSHE0ZtzFqMGvX2/o=,s0oprwapM51+StbOLC6PSSq/Y5A=
18,19,vzSU3r0Z/3fSHE0ZtzFqMGvX2/o=,2S9HetlVtQWyydxM9AUwXGOm2Ic=
19,18,vzSU3r0Z/3fSHE0ZtzFqMGvX2/o=,2S9HetlVtQWyydxM9AUwXGOm2Ic=
19,19,vzSU3r0Z/3fSHE0ZtzFqMGvX2/o=,2S9HetlVtQWyydxM9AUwXGOm2Ic=
16,18,vzSU3r0Z/3fSHE0ZtzFqMGvX2/o=,8YU2+okyurr1TAup8V7pwcsIOy4=
16,16,vzSU3r0Z/3fSHE0ZtzFqMGvX2/o=,/1ro/JBsToXAppNL7AbUZ5Vx7fI=
16,19,vzSU3r0Z/3fSHE0ZtzFqMGvX2/o=,8YU2+okyurr1TAup8V7pwcsIOy4=
16,17,vzSU3r0Z/3fSHE0ZtzFqMGvX2/o=,/1ro/JBsToXAppNL7AbUZ5Vx7fI=
19,17,vzSU3r0Z/3fSHE0ZtzFqMGvX2/o=,s0oprwapM51+StbOLC6PSSq/Y5A=
17,19,vzSU3r0Z/3fSHE0ZtzFqMGvX2/o=,8YU2+okyurr1TAup8V7pwcsIOy4=
17,11,wTKErWdbzxTNV31q2SRO6BpwCnA=,NqE+n8zoebD4z7zSoUfirCBwlR4=
18,12,wTKErWdbzxTNV31q2SRO6BpwCnA=,/23cTod6V6SXMjS/TfnR54M5qiQ=
17,12,wTKErWdbzxTNV31q2SRO6BpwCnA=,kqNSsnHC+pXeZbzRUqfoBUQDVSA=
18,11,wTKErWdbzxTNV31q2SRO6BpwCnA=,aN/IK/XnIO7q/AuULtXFEqkSnY4=
17,13,6RrkJqJmDh5Qvjb4Eb64LXYLxLc=,kqNSsnHC+pXeZbzRUqfoBUQDVSA=
18,13,6RrkJqJmDh5Qvjb4Eb64LXYLxLc=,/23cTod6V6SXMjS/TfnR54M5qiQ=
17,10,6RrkJqJmDh5Qvjb4Eb64LXYLxLc=,NqE+n8zoebD4z7zSoUfirCBwlR4=
18,10,6RrkJqJmDh5Qvjb4Eb64LXYLxLc=,aN/IK/XnIO7q/AuULtXFEqkSnY4=
17,9,6RrkJqJmDh5Qvjb4Eb64LXYLxLc=,fQDPHbACOEXEaavA0WDlVYNR12o=
18,9,6RrkJqJmDh5Qvjb4Eb64LXYLxLc=,OLfrIUbixKqhMVfE3QUW8Mw+VMs=
17,14,6RrkJqJmDh5Qvjb4Eb64LXYLxLc=,IAlaiZSeavYIBK36/hNRpdrZHRo=
18,14,6RrkJqJmDh5Qvjb4Eb64LXYLxLc=,OGvzlueKaEHVjiltgSfH99FnZaw=
18,8,fWLU9BPbRI8r441m2rC2+cGQxno=,OLfrIUbixKqhMVfE3QUW8Mw+VMs=
17,8,fWLU9BPbRI8r441m2rC2+cGQxno=,fQDPHbACOEXEaavA0WDlVYNR12o=
17,7,fWLU9BPbRI8r441m2rC2+cGQxno=,SkwTpcz0HJpXZsDIMx3vbOWL71Q=
18,7,fWLU9BPbRI8r441m2rC2+cGQxno=,idqOzmdf7CpnXKB0l03ecZdFSUM=
17,5,fWLU9BPbRI8r441m2rC2+cGQxno=,Mt+8k9HkHB9Egp15fthkWlGii3A=
18,5,fWLU9BPbRI8r441m2rC2+cGQxno=,U7m+sC1mNpi3MkN7PKYEw0zbuTE=
18,6,fWLU9BPbRI8r441m2rC2+cGQxno=,idqOzmdf7CpnXKB0l03ecZdFSUM=
17,6,fWLU9BPbRI8r441m2rC2+cGQxno=,SkwTpcz0HJpXZsDIMx3vbOWL71Q=
17,4,ZG+B0VZOGvasM4rvo7SesVLtbVM=,Mt+8k9HkHB9Egp15fthkWlGii3A=
18,4,ZG+B0VZOGvasM4rvo7SesVLtbVM=,U7m+sC1mNpi3MkN7PKYEw0zbuTE=
18,3,ZG+B0VZOGvasM4rvo7SesVLtbVM=,c6Ju9OG6w85+ydL5FdALiGxc1yQ=
17,3,ZG+B0VZOGvasM4rvo7SesVLtbVM=,u3nG/TptdPvByvAGm8v34di9WJg=
18,2,ZG+B0VZOGvasM4rvo7SesVLtbVM=,c6Ju9OG6w85+ydL5FdALiGxc1yQ=
17,2,ZG+B0VZOGvasM4rvo7SesVLtbVM=,u3nG/TptdPvByvAGm8v34di9WJg=
17,1,ZG+B0VZOGvasM4rvo7SesVLtbVM=,dP3CIi93GWr0SxF/EqlaJkOaE14=
18,1,ZG+B0VZOGvasM4rvo7SesVLtbVM=,InWA8GtRy3sBoCXBuf7u2LkOiZo=
16,2,ZG+B0VZOGvasM4rvo7SesVLtbVM=,u3nG/TptdPvByvAGm8v34di9WJg=
16,1,ZG+B0VZOGvasM4rvo7SesVLtbVM=,dP3CIi93GWr0SxF/EqlaJkOaE14=
16,4,ZG+B0VZOGvasM4rvo7SesVLtbVM=,Mt+8k9HkHB9Egp15fthkWlGii3A=
16,3,ZG+B0VZOGvasM4rvo7SesVLtbVM=,u3nG/TptdPvByvAGm8v34di9WJg=
16,5,ZG+B0VZOGvasM4rvo7SesVLtbVM=,Mt+8k9HkHB9Egp15fthkWlGii3A=
16,8,ZG+B0VZOGvasM4rvo7SesVLtbVM=,fQDPHbACOEXEaavA0WDlVYNR12o=
16,7,ZG+B0VZOGvasM4rvo7SesVLtbVM=,SkwTpcz0HJpXZsDIMx3vbOWL71Q=
16,6,ZG+B0VZOGvasM4rvo7SesVLtbVM=,SkwTpcz0HJpXZsDIMx3vbOWL71Q=
16,10,ZG+B0VZOGvasM4rvo7SesVLtbVM=,NqE+n8zoebD4z7zSoUfirCBwlR4=
16,11,ZG+B0VZOGvasM4rvo7SesVLtbVM=,NqE+n8zoebD4z7zSoUfirCBwlR4=
16,12,ZG+B0VZOGvasM4rvo7SesVLtbVM=,kqNSsnHC+pXeZbzRUqfoBUQDVSA=
16,9,ZG+B0VZOGvasM4rvo7SesVLtbVM=,fQDPHbACOEXEaavA0WDlVYNR12o=
16,15,ZG+B0VZOGvasM4rvo7SesVLtbVM=,IAlaiZSeavYIBK36/hNRpdrZHRo=
16,14,ZG+B0VZOGvasM4rvo7SesVLtbVM=,IAlaiZSeavYIBK36/hNRpdrZHRo=
16,13,ZG+B0VZOGvasM4rvo7SesVLtbVM=,kqNSsnHC+pXeZbzRUqfoBUQDVSA=
19,9,ZG+B0VZOGvasM4rvo7SesVLtbVM=,OLfrIUbixKqhMVfE3QUW8Mw+VMs=
19,10,ZG+B0VZOGvasM4rvo7SesVLtbVM=,aN/IK/XnIO7q/AuULtXFEqkSnY4=
19,13,ZG+B0VZOGvasM4rvo7SesVLtbVM=,/23cTod6V6SXMjS/TfnR54M5qiQ=
19,12,ZG+B0VZOGvasM4rvo7SesVLtbVM=,/23cTod6V6SXMjS/TfnR54M5qiQ=
19,11,ZG+B0VZOGvasM4rvo7SesVLtbVM=,aN/IK/XnIO7q/AuULtXFEqkSnY4=
19,8,ZG+B0VZOGvasM4rvo7SesVLtbVM=,OLfrIUbixKqhMVfE3QUW8Mw+VMs=
19,2,dR2FgXSQLP5k60edTQZzf246W+U=,c6Ju9OG6w85+ydL5FdALiGxc1yQ=
19,14,dR2FgXSQLP5k60edTQZzf246W+U=,OGvzlueKaEHVjiltgSfH99FnZaw=
19,1,dR2FgXSQLP5k60edTQZzf246W+U=,InWA8GtRy3sBoCXBuf7u2LkOiZo=
19,6,dR2FgXSQLP5k60edTQZzf246W+U=,idqOzmdf7CpnXKB0l03ecZdFSUM=
19,7,dR2FgXSQLP5k60edTQZzf246W+U=,idqOzmdf7CpnXKB0l03ecZdFSUM=
19,3,dR2FgXSQLP5k60edTQZzf246W+U=,c6Ju9OG6w85+ydL5FdALiGxc1yQ=
19,5,dR2FgXSQLP5k60edTQZzf246W+U=,U7m+sC1mNpi3MkN7PKYEw0zbuTE=
19,4,dR2FgXSQLP5k60edTQZzf246W+U=,U7m+sC1mNpi3MkN7PKYEw0zbuTE=
16,0,dR2FgXSQLP5k60edTQZzf246W+U=,dP3CIi93GWr0SxF/EqlaJkOaE14=
18,15,dR2FgXSQLP5k60edTQZzf246W+U=,OGvzlueKaEHVjiltgSfH99FnZaw=
19,15,dR2FgXSQLP5k60edTQZzf246W+U=,OGvzlueKaEHVjiltgSfH99FnZaw=
17,15,dR2FgXSQLP5k60edTQZzf246W+U=,IAlaiZSeavYIBK36/hNRpdrZHRo=
17,0,dR2FgXSQLP5k60edTQZzf246W+U=,dP3CIi93GWr0SxF/EqlaJkOaE14=
19,0,dR2FgXSQLP5k60edTQZzf246W+U=,InWA8GtRy3sBoCXBuf7u2LkOiZo=
18,0,dR2FgXSQLP5k60edTQZzf246W+U=,InWA8GtRy3sBoCXBuf7u2LkOiZo=
